"chr","GeneID","TranscriptID","Feature","Contig","Start","Stop","Strand","Name","Product","Alias.Synonyms","EC_number","BUSCO","PFAM","InterPro","EggNog","COG","GO.Terms","Secreted","Membrane","Protease","CAZyme","Notes","begin","end","scaffold","i.begin","i.end","source","scaffold_name"
"1",NA,NA,NA,NA,NA,NA,NA,NA,NA,NA,NA,NA,NA,NA,NA,NA,NA,NA,NA,NA,NA,NA,NA,NA,1,29500,30500,"list_cnv_geoc_other","QQZM01001.1"
"1",NA,NA,NA,NA,NA,NA,NA,NA,NA,NA,NA,NA,NA,NA,NA,NA,NA,NA,NA,NA,NA,NA,NA,NA,1,566000,567000,"list_cnv_geoc_other","QQZM01001.1"
"1",NA,NA,NA,NA,NA,NA,NA,NA,NA,NA,NA,NA,NA,NA,NA,NA,NA,NA,NA,NA,NA,NA,NA,NA,1,732000,733500,"list_cnv_geoc_other","QQZM01001.1"
"1",NA,NA,NA,NA,NA,NA,NA,NA,NA,NA,NA,NA,NA,NA,NA,NA,NA,NA,NA,NA,NA,NA,NA,NA,1,769000,770500,"list_cnv_geoc_other","QQZM01001.1"
"1",NA,NA,NA,NA,NA,NA,NA,NA,NA,NA,NA,NA,NA,NA,NA,NA,NA,NA,NA,NA,NA,NA,NA,NA,1,29500,30500,"list_cnv_geob_cheese","QQZM01001.1"
"1",NA,NA,NA,NA,NA,NA,NA,NA,NA,NA,NA,NA,NA,NA,NA,NA,NA,NA,NA,NA,NA,NA,NA,NA,1,732000,733500,"list_cnv_geob_cheese","QQZM01001.1"
"1",NA,NA,NA,NA,NA,NA,NA,NA,NA,NA,NA,NA,NA,NA,NA,NA,NA,NA,NA,NA,NA,NA,NA,NA,1,769000,770500,"list_cnv_geob_cheese","QQZM01001.1"
"2",NA,NA,NA,NA,NA,NA,NA,NA,NA,NA,NA,NA,NA,NA,NA,NA,NA,NA,NA,NA,NA,NA,NA,NA,2,116500,117500,"list_cnv_geoc_other","QQZM01002.1"
"2",NA,NA,NA,NA,NA,NA,NA,NA,NA,NA,NA,NA,NA,NA,NA,NA,NA,NA,NA,NA,NA,NA,NA,NA,2,246500,247500,"list_cnv_geoc_other","QQZM01002.1"
"2",NA,NA,NA,NA,NA,NA,NA,NA,NA,NA,NA,NA,NA,NA,NA,NA,NA,NA,NA,NA,NA,NA,NA,NA,2,246500,247500,"list_cnv_geob_cheese","QQZM01002.1"
"2",NA,NA,NA,NA,NA,NA,NA,NA,NA,NA,NA,NA,NA,NA,NA,NA,NA,NA,NA,NA,NA,NA,NA,NA,2,192500,193000,"list_cnv_cheese_diff","QQZM01002.1"
"2","g1577","g1577-T1","mRNA","QQZM01000002.1",307073,307738,"+","","hypothetical protein",NA,"","","","","","","",NA,NA,"","","",307073,307738,2,307000,308500,"list_cnv_cheese_diff","QQZM01002.1"
"2",NA,NA,NA,NA,NA,NA,NA,NA,NA,NA,NA,NA,NA,NA,NA,NA,NA,NA,NA,NA,NA,NA,NA,NA,2,753000,753500,"list_cnv_cheese_diff","QQZM01002.1"
"2",NA,NA,NA,NA,NA,NA,NA,NA,NA,NA,NA,NA,NA,NA,NA,NA,NA,NA,NA,NA,NA,NA,NA,NA,2,826000,827500,"list_cnv_cheese_diff","QQZM01002.1"
"3",NA,NA,NA,NA,NA,NA,NA,NA,NA,NA,NA,NA,NA,NA,NA,NA,NA,NA,NA,NA,NA,NA,NA,NA,3,67000,67500,"list_cnv_geoc_other","QQZM01003.1"
"3","g2534","g2534-T1","mRNA","QQZM01000003.1",498824,500272,"-","","hypothetical protein",NA,"","","PF00909","IPR001905 Ammonium transporter;IPR002229 Blood group Rhesus C/E/D polypeptide;IPR018047 Ammonium transporter, conserved site;IPR024041 Ammonium transporter AmtB-like domain;IPR029020 Ammonium/urea transporter","ENOG503NZ72","P:(P) Inorganic ion transport and metabolism","GO_component: GO:0005887 - integral component of plasma membrane [Evidence IEA];GO_component: GO:0016020 - membrane [Evidence IEA];GO_function: GO:0008519 - ammonium transmembrane transporter activity [Evidence IEA];GO_process: GO:0015696 - ammonium transport [Evidence IEA];GO_process: GO:0072488 - ammonium transmembrane transport [Evidence IEA]",NA,NA,"","","",498824,500272,3,500000,500500,"list_cnv_geoc_other","QQZM01003.1"
"3",NA,NA,NA,NA,NA,NA,NA,NA,NA,NA,NA,NA,NA,NA,NA,NA,NA,NA,NA,NA,NA,NA,NA,NA,3,67000,67500,"list_cnv_geob_cheese","QQZM01003.1"
"3","g2534","g2534-T1","mRNA","QQZM01000003.1",498824,500272,"-","","hypothetical protein",NA,"","","PF00909","IPR001905 Ammonium transporter;IPR002229 Blood group Rhesus C/E/D polypeptide;IPR018047 Ammonium transporter, conserved site;IPR024041 Ammonium transporter AmtB-like domain;IPR029020 Ammonium/urea transporter","ENOG503NZ72","P:(P) Inorganic ion transport and metabolism","GO_component: GO:0005887 - integral component of plasma membrane [Evidence IEA];GO_component: GO:0016020 - membrane [Evidence IEA];GO_function: GO:0008519 - ammonium transmembrane transporter activity [Evidence IEA];GO_process: GO:0015696 - ammonium transport [Evidence IEA];GO_process: GO:0072488 - ammonium transmembrane transport [Evidence IEA]",NA,NA,"","","",498824,500272,3,500000,500500,"list_cnv_geob_cheese","QQZM01003.1"
"4","g3194","g3194-T1","mRNA","QQZM01000004.1",388953,389897,"+","","hypothetical protein",NA,"","","PF00248","IPR018170 Aldo/keto reductase, conserved site;IPR020471 Aldo-keto reductase;IPR023210 NADP-dependent oxidoreductase domain;IPR036812 NADP-dependent oxidoreductase domain superfamily","ENOG503NXGZ","S:(S) Function unknown","GO_function: GO:0047834 - D-threo-aldose 1-dehydrogenase activity [Evidence IEA];GO_function: GO:0016491 - oxidoreductase activity [Evidence IEA]",NA,NA,"","","",388953,389897,4,388500,394500,"list_cnv_geoc_other","QQZM01004.1"
"4","g3195","g3195-T1","mRNA","QQZM01000004.1",393087,394028,"+","","hypothetical protein",NA,"","","PF00248","IPR018170 Aldo/keto reductase, conserved site;IPR020471 Aldo-keto reductase;IPR023210 NADP-dependent oxidoreductase domain;IPR036812 NADP-dependent oxidoreductase domain superfamily","ENOG503NXGZ","S:(S) Function unknown","GO_function: GO:0047834 - D-threo-aldose 1-dehydrogenase activity [Evidence IEA];GO_function: GO:0016491 - oxidoreductase activity [Evidence IEA]",NA,NA,"","","",393087,394028,4,388500,394500,"list_cnv_geoc_other","QQZM01004.1"
"4",NA,NA,NA,NA,NA,NA,NA,NA,NA,NA,NA,NA,NA,NA,NA,NA,NA,NA,NA,NA,NA,NA,NA,NA,4,509500,510000,"list_cnv_geoc_other","QQZM01004.1"
"4",NA,NA,NA,NA,NA,NA,NA,NA,NA,NA,NA,NA,NA,NA,NA,NA,NA,NA,NA,NA,NA,NA,NA,NA,4,569500,570000,"list_cnv_geoc_other","QQZM01004.1"
"4",NA,NA,NA,NA,NA,NA,NA,NA,NA,NA,NA,NA,NA,NA,NA,NA,NA,NA,NA,NA,NA,NA,NA,NA,4,509500,510000,"list_cnv_geob_cheese","QQZM01004.1"
"4",NA,NA,NA,NA,NA,NA,NA,NA,NA,NA,NA,NA,NA,NA,NA,NA,NA,NA,NA,NA,NA,NA,NA,NA,4,569500,570000,"list_cnv_geob_cheese","QQZM01004.1"
"4",NA,NA,NA,NA,NA,NA,NA,NA,NA,NA,NA,NA,NA,NA,NA,NA,NA,NA,NA,NA,NA,NA,NA,NA,4,509500,510500,"list_cnv_cheese_diff","QQZM01004.1"
"4",NA,NA,NA,NA,NA,NA,NA,NA,NA,NA,NA,NA,NA,NA,NA,NA,NA,NA,NA,NA,NA,NA,NA,NA,4,569000,569500,"list_cnv_cheese_diff","QQZM01004.1"
"5",NA,NA,NA,NA,NA,NA,NA,NA,NA,NA,NA,NA,NA,NA,NA,NA,NA,NA,NA,NA,NA,NA,NA,NA,5,102000,104000,"list_cnv_geoc_other","QQZM01005.1"
"5",NA,NA,NA,NA,NA,NA,NA,NA,NA,NA,NA,NA,NA,NA,NA,NA,NA,NA,NA,NA,NA,NA,NA,NA,5,187000,187500,"list_cnv_geoc_other","QQZM01005.1"
"5",NA,NA,NA,NA,NA,NA,NA,NA,NA,NA,NA,NA,NA,NA,NA,NA,NA,NA,NA,NA,NA,NA,NA,NA,5,333500,336000,"list_cnv_geoc_other","QQZM01005.1"
"5",NA,NA,NA,NA,NA,NA,NA,NA,NA,NA,NA,NA,NA,NA,NA,NA,NA,NA,NA,NA,NA,NA,NA,NA,5,556000,556500,"list_cnv_geoc_other","QQZM01005.1"
"5","g3849","g3849-T1","mRNA","QQZM01000005.1",565946,567591,"-","","hypothetical protein",NA,"","","","IPR001584 Integrase, catalytic core;IPR012337 Ribonuclease H-like superfamily;IPR013103 Reverse transcriptase, RNA-dependent DNA polymerase;IPR036397 Ribonuclease H superfamily","ENOG503QHJF","L:(L) Replication, recombination and repair","GO_function: GO:0003676 - nucleic acid binding [Evidence IEA];GO_process: GO:0015074 - DNA integration [Evidence IEA]",NA,NA,"","","",565946,567591,5,566000,566500,"list_cnv_geoc_other","QQZM01005.1"
"5","g3850","g3850-T1","mRNA","QQZM01000005.1",581931,582827,"-","","hypothetical protein",NA,"","","","","","","",NA,NA,"","","",581931,582827,5,574500,582000,"list_cnv_geoc_other","QQZM01005.1"
"5",NA,NA,NA,NA,NA,NA,NA,NA,NA,NA,NA,NA,NA,NA,NA,NA,NA,NA,NA,NA,NA,NA,NA,NA,5,103500,104000,"list_cnv_geob_cheese","QQZM01005.1"
"5",NA,NA,NA,NA,NA,NA,NA,NA,NA,NA,NA,NA,NA,NA,NA,NA,NA,NA,NA,NA,NA,NA,NA,NA,5,187000,187500,"list_cnv_geob_cheese","QQZM01005.1"
"5",NA,NA,NA,NA,NA,NA,NA,NA,NA,NA,NA,NA,NA,NA,NA,NA,NA,NA,NA,NA,NA,NA,NA,NA,5,333500,336000,"list_cnv_geob_cheese","QQZM01005.1"
"5",NA,NA,NA,NA,NA,NA,NA,NA,NA,NA,NA,NA,NA,NA,NA,NA,NA,NA,NA,NA,NA,NA,NA,NA,5,104000,104500,"list_cnv_cheese_diff","QQZM01005.1"
"5",NA,NA,NA,NA,NA,NA,NA,NA,NA,NA,NA,NA,NA,NA,NA,NA,NA,NA,NA,NA,NA,NA,NA,NA,5,187500,188000,"list_cnv_cheese_diff","QQZM01005.1"
"6",NA,NA,NA,NA,NA,NA,NA,NA,NA,NA,NA,NA,NA,NA,NA,NA,NA,NA,NA,NA,NA,NA,NA,NA,6,528500,529000,"list_cnv_geoc_other","QQZM01006.1"
"6",NA,NA,NA,NA,NA,NA,NA,NA,NA,NA,NA,NA,NA,NA,NA,NA,NA,NA,NA,NA,NA,NA,NA,NA,6,251000,251500,"list_cnv_geob_cheese","QQZM01006.1"
"6",NA,NA,NA,NA,NA,NA,NA,NA,NA,NA,NA,NA,NA,NA,NA,NA,NA,NA,NA,NA,NA,NA,NA,NA,6,528500,529000,"list_cnv_geob_cheese","QQZM01006.1"
"6","g4247","g4247-T1","mRNA","QQZM01000006.1",205140,209705,"+","","hypothetical protein",NA,"","","","","","","",NA,NA,"","","",205140,209705,6,206500,208500,"list_cnv_cheese_diff","QQZM01006.1"
"6",NA,NA,NA,NA,NA,NA,NA,NA,NA,NA,NA,NA,NA,NA,NA,NA,NA,NA,NA,NA,NA,NA,NA,NA,6,251500,252000,"list_cnv_cheese_diff","QQZM01006.1"
"6",NA,NA,NA,NA,NA,NA,NA,NA,NA,NA,NA,NA,NA,NA,NA,NA,NA,NA,NA,NA,NA,NA,NA,NA,6,529000,529500,"list_cnv_cheese_diff","QQZM01006.1"
"6",NA,NA,NA,NA,NA,NA,NA,NA,NA,NA,NA,NA,NA,NA,NA,NA,NA,NA,NA,NA,NA,NA,NA,NA,6,563000,563500,"list_cnv_cheese_diff","QQZM01006.1"
"6",NA,NA,NA,NA,NA,NA,NA,NA,NA,NA,NA,NA,NA,NA,NA,NA,NA,NA,NA,NA,NA,NA,NA,NA,6,566000,569000,"list_cnv_cheese_diff","QQZM01006.1"
"6","g4340","g4340-T1","mRNA","QQZM01000006.1",573313,575070,"-","FLR1_2","Multidrug transporter flr1",NA,"","","PF07690","IPR011701 Major facilitator superfamily;IPR020846 Major facilitator superfamily domain;IPR036259 MFS transporter superfamily","ENOG503NUJK","S:(S) Function unknown","GO_function: GO:0022857 - transmembrane transporter activity [Evidence IEA];GO_process: GO:0055085 - transmembrane transport [Evidence IEA]",NA,NA,"","","",573313,575070,6,573000,574500,"list_cnv_cheese_diff","QQZM01006.1"
"6",NA,NA,NA,NA,NA,NA,NA,NA,NA,NA,NA,NA,NA,NA,NA,NA,NA,NA,NA,NA,NA,NA,NA,NA,6,578000,579500,"list_cnv_cheese_diff","QQZM01006.1"
"7",NA,NA,NA,NA,NA,NA,NA,NA,NA,NA,NA,NA,NA,NA,NA,NA,NA,NA,NA,NA,NA,NA,NA,NA,7,59000,60000,"list_cnv_geoc_other","QQZM01007.1"
"7",NA,NA,NA,NA,NA,NA,NA,NA,NA,NA,NA,NA,NA,NA,NA,NA,NA,NA,NA,NA,NA,NA,NA,NA,7,415000,417000,"list_cnv_geoc_other","QQZM01007.1"
"7",NA,NA,NA,NA,NA,NA,NA,NA,NA,NA,NA,NA,NA,NA,NA,NA,NA,NA,NA,NA,NA,NA,NA,NA,7,59000,60000,"list_cnv_geob_cheese","QQZM01007.1"
"7",NA,NA,NA,NA,NA,NA,NA,NA,NA,NA,NA,NA,NA,NA,NA,NA,NA,NA,NA,NA,NA,NA,NA,NA,7,111500,112000,"list_cnv_geob_cheese","QQZM01007.1"
"7",NA,NA,NA,NA,NA,NA,NA,NA,NA,NA,NA,NA,NA,NA,NA,NA,NA,NA,NA,NA,NA,NA,NA,NA,7,415000,417000,"list_cnv_geob_cheese","QQZM01007.1"
"7",NA,NA,NA,NA,NA,NA,NA,NA,NA,NA,NA,NA,NA,NA,NA,NA,NA,NA,NA,NA,NA,NA,NA,NA,7,59000,60000,"list_cnv_cheese_diff","QQZM01007.1"
"7",NA,NA,NA,NA,NA,NA,NA,NA,NA,NA,NA,NA,NA,NA,NA,NA,NA,NA,NA,NA,NA,NA,NA,NA,7,121000,121500,"list_cnv_cheese_diff","QQZM01007.1"
"7",NA,NA,NA,NA,NA,NA,NA,NA,NA,NA,NA,NA,NA,NA,NA,NA,NA,NA,NA,NA,NA,NA,NA,NA,7,415000,415500,"list_cnv_cheese_diff","QQZM01007.1"
"7",NA,NA,NA,NA,NA,NA,NA,NA,NA,NA,NA,NA,NA,NA,NA,NA,NA,NA,NA,NA,NA,NA,NA,NA,7,416000,417000,"list_cnv_cheese_diff","QQZM01007.1"
"8",NA,NA,NA,NA,NA,NA,NA,NA,NA,NA,NA,NA,NA,NA,NA,NA,NA,NA,NA,NA,NA,NA,NA,NA,8,216000,218500,"list_cnv_geoc_other","QQZM01008.1"
"8",NA,NA,NA,NA,NA,NA,NA,NA,NA,NA,NA,NA,NA,NA,NA,NA,NA,NA,NA,NA,NA,NA,NA,NA,8,195500,196000,"list_cnv_geob_cheese","QQZM01008.1"
"8",NA,NA,NA,NA,NA,NA,NA,NA,NA,NA,NA,NA,NA,NA,NA,NA,NA,NA,NA,NA,NA,NA,NA,NA,8,197000,198000,"list_cnv_geob_cheese","QQZM01008.1"
"8",NA,NA,NA,NA,NA,NA,NA,NA,NA,NA,NA,NA,NA,NA,NA,NA,NA,NA,NA,NA,NA,NA,NA,NA,8,216000,216500,"list_cnv_geob_cheese","QQZM01008.1"
"8",NA,NA,NA,NA,NA,NA,NA,NA,NA,NA,NA,NA,NA,NA,NA,NA,NA,NA,NA,NA,NA,NA,NA,NA,8,217500,218000,"list_cnv_geob_cheese","QQZM01008.1"
"8",NA,NA,NA,NA,NA,NA,NA,NA,NA,NA,NA,NA,NA,NA,NA,NA,NA,NA,NA,NA,NA,NA,NA,NA,8,60500,61500,"list_cnv_cheese_diff","QQZM01008.1"
"8",NA,NA,NA,NA,NA,NA,NA,NA,NA,NA,NA,NA,NA,NA,NA,NA,NA,NA,NA,NA,NA,NA,NA,NA,8,216000,218500,"list_cnv_cheese_diff","QQZM01008.1"
"9",NA,NA,NA,NA,NA,NA,NA,NA,NA,NA,NA,NA,NA,NA,NA,NA,NA,NA,NA,NA,NA,NA,NA,NA,9,521500,522000,"list_cnv_geob_cheese","QQZM01009.1"
"9","g5449","g5449-T1","mRNA","QQZM01000009.1",498434,501447,"-","","hypothetical protein",NA,"","","PF00172","IPR001138 Zn(2)-C6 fungal-type DNA-binding domain;IPR036864 Zn(2)-C6 fungal-type DNA-binding domain superfamily","ENOG503NXYR","S:(S) Function unknown","GO_function: GO:0000981 - DNA-binding transcription factor activity, RNA polymerase II-specific [Evidence IEA];GO_function: GO:0008270 - zinc ion binding [Evidence IEA];GO_process: GO:0006355 - regulation of transcription, DNA-templated [Evidence IEA]",NA,NA,"","","",498434,501447,9,490000,508500,"list_cnv_cheese_diff","QQZM01009.1"
"9","g5450","g5450-T1","mRNA","QQZM01000009.1",504853,505794,"+","PRN1_7","RNA pol II transcription cofactor",NA,"","","PF02678;PF05726","IPR003829 Pirin, N-terminal domain;IPR008778 Pirin, C-terminal domain;IPR011051 RmlC-like cupin domain superfamily;IPR012093 Pirin;IPR014710 RmlC-like jelly roll fold","ENOG503NW75","S:(S) Function unknown","",NA,NA,"","","",504853,505794,9,490000,508500,"list_cnv_cheese_diff","QQZM01009.1"
"10","g397","g397-T1","mRNA","QQZM01000010.1",459047,460099,"-","GRE2_1","methylglyoxal reductase (NADPH-dependent) gre2",NA,"1.1.1.283","","PF01073;PF01370;PF08659;PF13460","IPR002225 3-beta hydroxysteroid dehydrogenase/isomerase;IPR036291 NAD(P)-binding domain superfamily","ENOG503NVWR","V:(V) Defense mechanisms","GO_function: GO:0016616 - oxidoreductase activity, acting on the CH-OH group of donors, NAD or NADP as acceptor [Evidence IEA];GO_function: GO:0003854 - 3-beta-hydroxy-delta5-steroid dehydrogenase activity [Evidence IEA];GO_process: GO:0006694 - steroid biosynthetic process [Evidence IEA]",NA,NA,"","","",459047,460099,10,460000,462000,"list_cnv_geoc_other","QQZM01010.1"
"10","g300","g300-T1","mRNA","QQZM01000010.1",39919,41229,"-","","hypothetical protein",NA,"","","PF16561","IPR013783 Immunoglobulin-like fold;IPR014756 Immunoglobulin E-set;IPR032640 AMP-activated protein kinase, glycogen-binding domain","ENOG5034HT3","G:(G) Carbohydrate transport and metabolism","",NA,NA,"","","",39919,41229,10,39500,40000,"list_cnv_cheese_diff","QQZM01010.1"
"10",NA,NA,NA,NA,NA,NA,NA,NA,NA,NA,NA,NA,NA,NA,NA,NA,NA,NA,NA,NA,NA,NA,NA,NA,10,146500,149500,"list_cnv_cheese_diff","QQZM01010.1"
"10",NA,NA,NA,NA,NA,NA,NA,NA,NA,NA,NA,NA,NA,NA,NA,NA,NA,NA,NA,NA,NA,NA,NA,NA,10,192000,192500,"list_cnv_cheese_diff","QQZM01010.1"
"10","g397","g397-T1","mRNA","QQZM01000010.1",459047,460099,"-","GRE2_1","methylglyoxal reductase (NADPH-dependent) gre2",NA,"1.1.1.283","","PF01073;PF01370;PF08659;PF13460","IPR002225 3-beta hydroxysteroid dehydrogenase/isomerase;IPR036291 NAD(P)-binding domain superfamily","ENOG503NVWR","V:(V) Defense mechanisms","GO_function: GO:0016616 - oxidoreductase activity, acting on the CH-OH group of donors, NAD or NADP as acceptor [Evidence IEA];GO_function: GO:0003854 - 3-beta-hydroxy-delta5-steroid dehydrogenase activity [Evidence IEA];GO_process: GO:0006694 - steroid biosynthetic process [Evidence IEA]",NA,NA,"","","",459047,460099,10,459500,460000,"list_cnv_cheese_diff","QQZM01010.1"
"11",NA,NA,NA,NA,NA,NA,NA,NA,NA,NA,NA,NA,NA,NA,NA,NA,NA,NA,NA,NA,NA,NA,NA,NA,11,259500,260000,"list_cnv_geoc_other","QQZM01011.1"
"11","g499","g499-T1","mRNA","QQZM01000011.1",3681,4700,"+","GRP2_1","Glycine-rich RNA-binding protein 2, mitochondrial",NA,"1.1.1.283","","PF01370","IPR001509 NAD-dependent epimerase/dehydratase;IPR036291 NAD(P)-binding domain superfamily","ENOG503NVWR","V:(V) Defense mechanisms","GO_function: GO:0003824 - catalytic activity [Evidence IEA]",NA,NA,"","","",3681,4700,11,4500,5000,"list_cnv_geob_cheese","QQZM01011.1"
"11",NA,NA,NA,NA,NA,NA,NA,NA,NA,NA,NA,NA,NA,NA,NA,NA,NA,NA,NA,NA,NA,NA,NA,NA,11,259500,260000,"list_cnv_geob_cheese","QQZM01011.1"
"11","g498","g498-T1","mRNA","QQZM01000011.1",714,1772,"-","CDC10_1","cell division control protein",NA,"","","PF00735;PF01926","IPR016491 Septin;IPR027417 P-loop containing nucleoside triphosphate hydrolase;IPR030379 Septin-type guanine nucleotide-binding (G) domain","ENOG503NUHB","D:(D) Cell cycle control, cell division, chromosome partitioning;T:(T) Signal transduction mechanisms;Z:(Z) Cytoskeleton","GO_function: GO:0005525 - GTP binding [Evidence IEA]",NA,NA,"","","",714,1772,11,500,10500,"list_cnv_cheese_diff","QQZM01011.1"
"11","g499","g499-T1","mRNA","QQZM01000011.1",3681,4700,"+","GRP2_1","Glycine-rich RNA-binding protein 2, mitochondrial",NA,"1.1.1.283","","PF01370","IPR001509 NAD-dependent epimerase/dehydratase;IPR036291 NAD(P)-binding domain superfamily","ENOG503NVWR","V:(V) Defense mechanisms","GO_function: GO:0003824 - catalytic activity [Evidence IEA]",NA,NA,"","","",3681,4700,11,500,10500,"list_cnv_cheese_diff","QQZM01011.1"
"11",NA,NA,NA,NA,NA,NA,NA,NA,NA,NA,NA,NA,NA,NA,NA,NA,NA,NA,NA,NA,NA,NA,NA,NA,11,180000,181000,"list_cnv_cheese_diff","QQZM01011.1"
"12",NA,NA,NA,NA,NA,NA,NA,NA,NA,NA,NA,NA,NA,NA,NA,NA,NA,NA,NA,NA,NA,NA,NA,NA,12,4500,5000,"list_cnv_geoc_other","QQZM01012.1"
"12",NA,NA,NA,NA,NA,NA,NA,NA,NA,NA,NA,NA,NA,NA,NA,NA,NA,NA,NA,NA,NA,NA,NA,NA,12,4500,5000,"list_cnv_geob_cheese","QQZM01012.1"
"12",NA,NA,NA,NA,NA,NA,NA,NA,NA,NA,NA,NA,NA,NA,NA,NA,NA,NA,NA,NA,NA,NA,NA,NA,12,376500,377000,"list_cnv_geob_cheese","QQZM01012.1"
"12",NA,NA,NA,NA,NA,NA,NA,NA,NA,NA,NA,NA,NA,NA,NA,NA,NA,NA,NA,NA,NA,NA,NA,NA,12,4500,5000,"list_cnv_cheese_diff","QQZM01012.1"
"12",NA,NA,NA,NA,NA,NA,NA,NA,NA,NA,NA,NA,NA,NA,NA,NA,NA,NA,NA,NA,NA,NA,NA,NA,12,376500,377000,"list_cnv_cheese_diff","QQZM01012.1"
"13",NA,NA,NA,NA,NA,NA,NA,NA,NA,NA,NA,NA,NA,NA,NA,NA,NA,NA,NA,NA,NA,NA,NA,NA,13,124000,124500,"list_cnv_geoc_other","QQZM01013.1"
"13","g867","g867-T1","mRNA","QQZM01000013.1",287707,288423,"+","","hypothetical protein",NA,"","","","","","","",NA,NA,"","","",287707,288423,13,287000,288500,"list_cnv_geoc_other","QQZM01013.1"
"13",NA,NA,NA,NA,NA,NA,NA,NA,NA,NA,NA,NA,NA,NA,NA,NA,NA,NA,NA,NA,NA,NA,NA,NA,13,444500,445500,"list_cnv_geoc_other","QQZM01013.1"
"13",NA,NA,NA,NA,NA,NA,NA,NA,NA,NA,NA,NA,NA,NA,NA,NA,NA,NA,NA,NA,NA,NA,NA,NA,13,105500,106000,"list_cnv_geob_cheese","QQZM01013.1"
"13",NA,NA,NA,NA,NA,NA,NA,NA,NA,NA,NA,NA,NA,NA,NA,NA,NA,NA,NA,NA,NA,NA,NA,NA,13,124000,125000,"list_cnv_geob_cheese","QQZM01013.1"
"13","g851","g851-T1","mRNA","QQZM01000013.1",224689,225522,"-","","hypothetical protein",NA,"","","","","","","",NA,NA,"","","",224689,225522,13,223500,225500,"list_cnv_geob_cheese","QQZM01013.1"
"13",NA,NA,NA,NA,NA,NA,NA,NA,NA,NA,NA,NA,NA,NA,NA,NA,NA,NA,NA,NA,NA,NA,NA,NA,13,444500,445000,"list_cnv_geob_cheese","QQZM01013.1"
"13",NA,NA,NA,NA,NA,NA,NA,NA,NA,NA,NA,NA,NA,NA,NA,NA,NA,NA,NA,NA,NA,NA,NA,NA,13,169000,176000,"list_cnv_cheese_diff","QQZM01013.1"
"13","g844","g844-T1","mRNA","QQZM01000013.1",203561,204325,"+","","hypothetical protein",NA,"","","","IPR004875 DDE superfamily endonuclease domain","ENOG503P4P8","S:(S) Function unknown","GO_function: GO:0003676 - nucleic acid binding [Evidence IEA]",NA,NA,"","","",203561,204325,13,202500,204500,"list_cnv_cheese_diff","QQZM01013.1"
"13","g852","g852-T1","mRNA","QQZM01000013.1",225693,227324,"+","","hypothetical protein",NA,"","","PF03184;PF03221;PF05225","IPR004875 DDE superfamily endonuclease domain;IPR006600 HTH CenpB-type DNA-binding domain;IPR007889 DNA binding HTH domain, Psq-type;IPR009057 Homeobox-like domain superfamily","ENOG503P4P8","B:(B) Chromatin structure and dynamics;D:(D) Cell cycle control, cell division, chromosome partitioning","GO_function: GO:0003677 - DNA binding [Evidence IEA];GO_function: GO:0003676 - nucleic acid binding [Evidence IEA]",NA,NA,"","","",225693,227324,13,226500,227500,"list_cnv_cheese_diff","QQZM01013.1"
"13","g853","g853-T1","mRNA","QQZM01000013.1",227496,229454,"-","ESC4_1","regulator of Ty1 Transposition",NA,"","","PF00533;PF12738;PF16770","IPR001357 BRCT domain;IPR036420 BRCT domain superfamily","ENOG503NXVY","L:(L) Replication, recombination and repair","",NA,NA,"","","",227496,229454,13,226500,227500,"list_cnv_cheese_diff","QQZM01013.1"
"13",NA,NA,NA,NA,NA,NA,NA,NA,NA,NA,NA,NA,NA,NA,NA,NA,NA,NA,NA,NA,NA,NA,NA,NA,13,289500,290500,"list_cnv_cheese_diff","QQZM01013.1"
"13",NA,NA,NA,NA,NA,NA,NA,NA,NA,NA,NA,NA,NA,NA,NA,NA,NA,NA,NA,NA,NA,NA,NA,NA,13,442500,443500,"list_cnv_cheese_diff","QQZM01013.1"
"13",NA,NA,NA,NA,NA,NA,NA,NA,NA,NA,NA,NA,NA,NA,NA,NA,NA,NA,NA,NA,NA,NA,NA,NA,13,445000,445500,"list_cnv_cheese_diff","QQZM01013.1"
"14",NA,NA,NA,NA,NA,NA,NA,NA,NA,NA,NA,NA,NA,NA,NA,NA,NA,NA,NA,NA,NA,NA,NA,NA,14,25000,26000,"list_cnv_geoc_other","QQZM01014.1"
"14",NA,NA,NA,NA,NA,NA,NA,NA,NA,NA,NA,NA,NA,NA,NA,NA,NA,NA,NA,NA,NA,NA,NA,NA,14,25000,26000,"list_cnv_geob_cheese","QQZM01014.1"
"14",NA,NA,NA,NA,NA,NA,NA,NA,NA,NA,NA,NA,NA,NA,NA,NA,NA,NA,NA,NA,NA,NA,NA,NA,14,5500,12500,"list_cnv_cheese_diff","QQZM01014.1"
"14",NA,NA,NA,NA,NA,NA,NA,NA,NA,NA,NA,NA,NA,NA,NA,NA,NA,NA,NA,NA,NA,NA,NA,NA,14,22500,25000,"list_cnv_cheese_diff","QQZM01014.1"
"14",NA,NA,NA,NA,NA,NA,NA,NA,NA,NA,NA,NA,NA,NA,NA,NA,NA,NA,NA,NA,NA,NA,NA,NA,14,26000,32500,"list_cnv_cheese_diff","QQZM01014.1"
"14",NA,NA,NA,NA,NA,NA,NA,NA,NA,NA,NA,NA,NA,NA,NA,NA,NA,NA,NA,NA,NA,NA,NA,NA,14,34000,37500,"list_cnv_cheese_diff","QQZM01014.1"
"14",NA,NA,NA,NA,NA,NA,NA,NA,NA,NA,NA,NA,NA,NA,NA,NA,NA,NA,NA,NA,NA,NA,NA,NA,14,47500,48000,"list_cnv_cheese_diff","QQZM01014.1"
"14",NA,NA,NA,NA,NA,NA,NA,NA,NA,NA,NA,NA,NA,NA,NA,NA,NA,NA,NA,NA,NA,NA,NA,NA,14,140500,151000,"list_cnv_cheese_diff","QQZM01014.1"
"14",NA,NA,NA,NA,NA,NA,NA,NA,NA,NA,NA,NA,NA,NA,NA,NA,NA,NA,NA,NA,NA,NA,NA,NA,14,169000,170000,"list_cnv_cheese_diff","QQZM01014.1"
"14",NA,NA,NA,NA,NA,NA,NA,NA,NA,NA,NA,NA,NA,NA,NA,NA,NA,NA,NA,NA,NA,NA,NA,NA,14,182000,185000,"list_cnv_cheese_diff","QQZM01014.1"
"14",NA,NA,NA,NA,NA,NA,NA,NA,NA,NA,NA,NA,NA,NA,NA,NA,NA,NA,NA,NA,NA,NA,NA,NA,14,377500,379000,"list_cnv_cheese_diff","QQZM01014.1"
"15",NA,NA,NA,NA,NA,NA,NA,NA,NA,NA,NA,NA,NA,NA,NA,NA,NA,NA,NA,NA,NA,NA,NA,NA,15,91500,92000,"list_cnv_geoc_other","QQZM01015.1"
"15",NA,NA,NA,NA,NA,NA,NA,NA,NA,NA,NA,NA,NA,NA,NA,NA,NA,NA,NA,NA,NA,NA,NA,NA,15,39000,40000,"list_cnv_cheese_diff","QQZM01015.1"
"15",NA,NA,NA,NA,NA,NA,NA,NA,NA,NA,NA,NA,NA,NA,NA,NA,NA,NA,NA,NA,NA,NA,NA,NA,15,65000,68000,"list_cnv_cheese_diff","QQZM01015.1"
"16",NA,NA,NA,NA,NA,NA,NA,NA,NA,NA,NA,NA,NA,NA,NA,NA,NA,NA,NA,NA,NA,NA,NA,NA,16,24000,25000,"list_cnv_geoc_other","QQZM01016.1"
"16",NA,NA,NA,NA,NA,NA,NA,NA,NA,NA,NA,NA,NA,NA,NA,NA,NA,NA,NA,NA,NA,NA,NA,NA,16,33000,34000,"list_cnv_geoc_other","QQZM01016.1"
"16",NA,NA,NA,NA,NA,NA,NA,NA,NA,NA,NA,NA,NA,NA,NA,NA,NA,NA,NA,NA,NA,NA,NA,NA,16,42000,43500,"list_cnv_geoc_other","QQZM01016.1"
"16",NA,NA,NA,NA,NA,NA,NA,NA,NA,NA,NA,NA,NA,NA,NA,NA,NA,NA,NA,NA,NA,NA,NA,NA,16,59000,60500,"list_cnv_geoc_other","QQZM01016.1"
"16",NA,NA,NA,NA,NA,NA,NA,NA,NA,NA,NA,NA,NA,NA,NA,NA,NA,NA,NA,NA,NA,NA,NA,NA,16,24000,25000,"list_cnv_geob_cheese","QQZM01016.1"
"16",NA,NA,NA,NA,NA,NA,NA,NA,NA,NA,NA,NA,NA,NA,NA,NA,NA,NA,NA,NA,NA,NA,NA,NA,16,42000,43500,"list_cnv_geob_cheese","QQZM01016.1"
"16",NA,NA,NA,NA,NA,NA,NA,NA,NA,NA,NA,NA,NA,NA,NA,NA,NA,NA,NA,NA,NA,NA,NA,NA,16,59000,60500,"list_cnv_geob_cheese","QQZM01016.1"
"16",NA,NA,NA,NA,NA,NA,NA,NA,NA,NA,NA,NA,NA,NA,NA,NA,NA,NA,NA,NA,NA,NA,NA,NA,16,24000,25000,"list_cnv_cheese_diff","QQZM01016.1"
"16",NA,NA,NA,NA,NA,NA,NA,NA,NA,NA,NA,NA,NA,NA,NA,NA,NA,NA,NA,NA,NA,NA,NA,NA,16,26000,37000,"list_cnv_cheese_diff","QQZM01016.1"
"16",NA,NA,NA,NA,NA,NA,NA,NA,NA,NA,NA,NA,NA,NA,NA,NA,NA,NA,NA,NA,NA,NA,NA,NA,16,43500,45000,"list_cnv_cheese_diff","QQZM01016.1"
"16",NA,NA,NA,NA,NA,NA,NA,NA,NA,NA,NA,NA,NA,NA,NA,NA,NA,NA,NA,NA,NA,NA,NA,NA,16,46000,47000,"list_cnv_cheese_diff","QQZM01016.1"
"17",NA,NA,NA,NA,NA,NA,NA,NA,NA,NA,NA,NA,NA,NA,NA,NA,NA,NA,NA,NA,NA,NA,NA,NA,17,157000,157500,"list_cnv_geob_cheese","QQZM01017.1"
"17",NA,NA,NA,NA,NA,NA,NA,NA,NA,NA,NA,NA,NA,NA,NA,NA,NA,NA,NA,NA,NA,NA,NA,NA,17,157000,157500,"list_cnv_cheese_diff","QQZM01017.1"
"18",NA,NA,NA,NA,NA,NA,NA,NA,NA,NA,NA,NA,NA,NA,NA,NA,NA,NA,NA,NA,NA,NA,NA,NA,18,86500,87000,"list_cnv_geoc_other","QQZM01018.1"
"18",NA,NA,NA,NA,NA,NA,NA,NA,NA,NA,NA,NA,NA,NA,NA,NA,NA,NA,NA,NA,NA,NA,NA,NA,18,110000,114500,"list_cnv_geoc_other","QQZM01018.1"
"18","g1418","g1418-T1","mRNA","QQZM01000018.1",316125,317969,"-","","hypothetical protein",NA,"","","PF07690","IPR005829 Sugar transporter, conserved site;IPR011701 Major facilitator superfamily;IPR020846 Major facilitator superfamily domain;IPR036259 MFS transporter superfamily","ENOG503NWFT","S:(S) Function unknown","GO_component: GO:0016021 - integral component of membrane [Evidence IEA];GO_function: GO:0022857 - transmembrane transporter activity [Evidence IEA];GO_process: GO:0055085 - transmembrane transport [Evidence IEA]",NA,NA,"","","",316125,317969,18,313000,318000,"list_cnv_geoc_other","QQZM01018.1"
"18",NA,NA,NA,NA,NA,NA,NA,NA,NA,NA,NA,NA,NA,NA,NA,NA,NA,NA,NA,NA,NA,NA,NA,NA,18,86500,87000,"list_cnv_geob_cheese","QQZM01018.1"
"18",NA,NA,NA,NA,NA,NA,NA,NA,NA,NA,NA,NA,NA,NA,NA,NA,NA,NA,NA,NA,NA,NA,NA,NA,18,110000,111000,"list_cnv_geob_cheese","QQZM01018.1"
"18","g1418","g1418-T1","mRNA","QQZM01000018.1",316125,317969,"-","","hypothetical protein",NA,"","","PF07690","IPR005829 Sugar transporter, conserved site;IPR011701 Major facilitator superfamily;IPR020846 Major facilitator superfamily domain;IPR036259 MFS transporter superfamily","ENOG503NWFT","S:(S) Function unknown","GO_component: GO:0016021 - integral component of membrane [Evidence IEA];GO_function: GO:0022857 - transmembrane transporter activity [Evidence IEA];GO_process: GO:0055085 - transmembrane transport [Evidence IEA]",NA,NA,"","","",316125,317969,18,313000,318000,"list_cnv_geob_cheese","QQZM01018.1"
"18",NA,NA,NA,NA,NA,NA,NA,NA,NA,NA,NA,NA,NA,NA,NA,NA,NA,NA,NA,NA,NA,NA,NA,NA,18,31000,35000,"list_cnv_cheese_diff","QQZM01018.1"
"18",NA,NA,NA,NA,NA,NA,NA,NA,NA,NA,NA,NA,NA,NA,NA,NA,NA,NA,NA,NA,NA,NA,NA,NA,18,114000,114500,"list_cnv_cheese_diff","QQZM01018.1"
"19","g1441","g1441-T1","mRNA","QQZM01000019.1",72922,75855,"-","","hypothetical protein",NA,"","","","","","","",NA,NA,"","","",72922,75855,19,73500,75000,"list_cnv_geoc_other","QQZM01019.1"
"19","g1454","g1454-T1","mRNA","QQZM01000019.1",144928,147609,"-","","hypothetical protein",NA,"","","","","","","",NA,NA,"","","",144928,147609,19,145500,147000,"list_cnv_geoc_other","QQZM01019.1"
"19",NA,NA,NA,NA,NA,NA,NA,NA,NA,NA,NA,NA,NA,NA,NA,NA,NA,NA,NA,NA,NA,NA,NA,NA,19,317000,317500,"list_cnv_geoc_other","QQZM01019.1"
"19",NA,NA,NA,NA,NA,NA,NA,NA,NA,NA,NA,NA,NA,NA,NA,NA,NA,NA,NA,NA,NA,NA,NA,NA,19,323000,324000,"list_cnv_geoc_other","QQZM01019.1"
"19",NA,NA,NA,NA,NA,NA,NA,NA,NA,NA,NA,NA,NA,NA,NA,NA,NA,NA,NA,NA,NA,NA,NA,NA,19,324500,327500,"list_cnv_geoc_other","QQZM01019.1"
"19","g1441","g1441-T1","mRNA","QQZM01000019.1",72922,75855,"-","","hypothetical protein",NA,"","","","","","","",NA,NA,"","","",72922,75855,19,73500,74000,"list_cnv_geob_cheese","QQZM01019.1"
"19",NA,NA,NA,NA,NA,NA,NA,NA,NA,NA,NA,NA,NA,NA,NA,NA,NA,NA,NA,NA,NA,NA,NA,NA,19,326500,327500,"list_cnv_geob_cheese","QQZM01019.1"
"19","g1464","g1464-T1","mRNA","QQZM01000019.1",174665,175810,"-","ZRT2_2","low-affinity Zn(2+) transporter zrt2",NA,"","","PF02535","IPR003689 Zinc/iron permease;IPR004698 Zinc/iron permease, fungal/plant","ENOG503NURW","P:(P) Inorganic ion transport and metabolism","GO_component: GO:0016021 - integral component of membrane [Evidence IEA];GO_component: GO:0016020 - membrane [Evidence IEA];GO_function: GO:0046873 - metal ion transmembrane transporter activity [Evidence IEA];GO_function: GO:0005385 - zinc ion transmembrane transporter activity [Evidence IEA];GO_process: GO:0030001 - metal ion transport [Evidence IEA];GO_process: GO:0055085 - transmembrane transport [Evidence IEA];GO_process: GO:0071577 - zinc ion transmembrane transport [Evidence IEA]",NA,NA,"","","",174665,175810,19,174500,176500,"list_cnv_cheese_diff","QQZM01019.1"
"19",NA,NA,NA,NA,NA,NA,NA,NA,NA,NA,NA,NA,NA,NA,NA,NA,NA,NA,NA,NA,NA,NA,NA,NA,19,326500,327500,"list_cnv_cheese_diff","QQZM01019.1"
"22",NA,NA,NA,NA,NA,NA,NA,NA,NA,NA,NA,NA,NA,NA,NA,NA,NA,NA,NA,NA,NA,NA,NA,NA,22,161000,163500,"list_cnv_geoc_other","QQZM01022.1"
"22",NA,NA,NA,NA,NA,NA,NA,NA,NA,NA,NA,NA,NA,NA,NA,NA,NA,NA,NA,NA,NA,NA,NA,NA,22,273500,274000,"list_cnv_geoc_other","QQZM01022.1"
"22",NA,NA,NA,NA,NA,NA,NA,NA,NA,NA,NA,NA,NA,NA,NA,NA,NA,NA,NA,NA,NA,NA,NA,NA,22,161000,163500,"list_cnv_geob_cheese","QQZM01022.1"
"22",NA,NA,NA,NA,NA,NA,NA,NA,NA,NA,NA,NA,NA,NA,NA,NA,NA,NA,NA,NA,NA,NA,NA,NA,22,260500,261000,"list_cnv_geob_cheese","QQZM01022.1"
"22","g1908","g1908-T1","mRNA","QQZM01000022.1",50695,51120,"-","","hypothetical protein",NA,"","","","","","","",NA,NA,"","","",50695,51120,22,50500,51500,"list_cnv_cheese_diff","QQZM01022.1"
"22",NA,NA,NA,NA,NA,NA,NA,NA,NA,NA,NA,NA,NA,NA,NA,NA,NA,NA,NA,NA,NA,NA,NA,NA,22,103000,103500,"list_cnv_cheese_diff","QQZM01022.1"
"22",NA,NA,NA,NA,NA,NA,NA,NA,NA,NA,NA,NA,NA,NA,NA,NA,NA,NA,NA,NA,NA,NA,NA,NA,22,161000,161500,"list_cnv_cheese_diff","QQZM01022.1"
"22",NA,NA,NA,NA,NA,NA,NA,NA,NA,NA,NA,NA,NA,NA,NA,NA,NA,NA,NA,NA,NA,NA,NA,NA,22,163000,163500,"list_cnv_cheese_diff","QQZM01022.1"
"22",NA,NA,NA,NA,NA,NA,NA,NA,NA,NA,NA,NA,NA,NA,NA,NA,NA,NA,NA,NA,NA,NA,NA,NA,22,249000,250000,"list_cnv_cheese_diff","QQZM01022.1"
"22",NA,NA,NA,NA,NA,NA,NA,NA,NA,NA,NA,NA,NA,NA,NA,NA,NA,NA,NA,NA,NA,NA,NA,NA,22,260500,261000,"list_cnv_cheese_diff","QQZM01022.1"
"22",NA,NA,NA,NA,NA,NA,NA,NA,NA,NA,NA,NA,NA,NA,NA,NA,NA,NA,NA,NA,NA,NA,NA,NA,22,273500,274000,"list_cnv_cheese_diff","QQZM01022.1"
"23",NA,NA,NA,NA,NA,NA,NA,NA,NA,NA,NA,NA,NA,NA,NA,NA,NA,NA,NA,NA,NA,NA,NA,NA,23,282500,283500,"list_cnv_geoc_other","QQZM01023.1"
"23",NA,NA,NA,NA,NA,NA,NA,NA,NA,NA,NA,NA,NA,NA,NA,NA,NA,NA,NA,NA,NA,NA,NA,NA,23,285500,286500,"list_cnv_geoc_other","QQZM01023.1"
"23",NA,NA,NA,NA,NA,NA,NA,NA,NA,NA,NA,NA,NA,NA,NA,NA,NA,NA,NA,NA,NA,NA,NA,NA,23,289500,290000,"list_cnv_geoc_other","QQZM01023.1"
"23",NA,NA,NA,NA,NA,NA,NA,NA,NA,NA,NA,NA,NA,NA,NA,NA,NA,NA,NA,NA,NA,NA,NA,NA,23,282500,283500,"list_cnv_geob_cheese","QQZM01023.1"
"23",NA,NA,NA,NA,NA,NA,NA,NA,NA,NA,NA,NA,NA,NA,NA,NA,NA,NA,NA,NA,NA,NA,NA,NA,23,285500,286500,"list_cnv_geob_cheese","QQZM01023.1"
"23",NA,NA,NA,NA,NA,NA,NA,NA,NA,NA,NA,NA,NA,NA,NA,NA,NA,NA,NA,NA,NA,NA,NA,NA,23,289500,290000,"list_cnv_geob_cheese","QQZM01023.1"
"23",NA,NA,NA,NA,NA,NA,NA,NA,NA,NA,NA,NA,NA,NA,NA,NA,NA,NA,NA,NA,NA,NA,NA,NA,23,280000,281000,"list_cnv_cheese_diff","QQZM01023.1"
"23",NA,NA,NA,NA,NA,NA,NA,NA,NA,NA,NA,NA,NA,NA,NA,NA,NA,NA,NA,NA,NA,NA,NA,NA,23,282500,283500,"list_cnv_cheese_diff","QQZM01023.1"
"23",NA,NA,NA,NA,NA,NA,NA,NA,NA,NA,NA,NA,NA,NA,NA,NA,NA,NA,NA,NA,NA,NA,NA,NA,23,289500,290000,"list_cnv_cheese_diff","QQZM01023.1"
"24",NA,NA,NA,NA,NA,NA,NA,NA,NA,NA,NA,NA,NA,NA,NA,NA,NA,NA,NA,NA,NA,NA,NA,NA,24,39500,40000,"list_cnv_geoc_other","QQZM01024.1"
"24",NA,NA,NA,NA,NA,NA,NA,NA,NA,NA,NA,NA,NA,NA,NA,NA,NA,NA,NA,NA,NA,NA,NA,NA,24,39500,40000,"list_cnv_geob_cheese","QQZM01024.1"
"25","g2178","g2178-T1","mRNA","QQZM01000025.1",262236,263519,"+","SLU7","mRNA splicing protein",NA,"","","PF11708","IPR021715 Pre-mRNA-splicing factor SLU7 domain;IPR039974 Pre-mRNA-splicing factor SLU7","ENOG503BG5G","A:(A) RNA processing and modification","GO_function: GO:0030628 - pre-mRNA 3'-splice site binding [Evidence IEA];GO_function: GO:0000386 - second spliceosomal transesterification activity [Evidence IEA];GO_process: GO:0000398 - mRNA splicing, via spliceosome [Evidence IEA]",NA,NA,"","","",262236,263519,25,263500,264000,"list_cnv_geoc_other","QQZM01025.1"
"25",NA,NA,NA,NA,NA,NA,NA,NA,NA,NA,NA,NA,NA,NA,NA,NA,NA,NA,NA,NA,NA,NA,NA,NA,25,83000,83500,"list_cnv_cheese_diff","QQZM01025.1"
"26",NA,NA,NA,NA,NA,NA,NA,NA,NA,NA,NA,NA,NA,NA,NA,NA,NA,NA,NA,NA,NA,NA,NA,NA,26,106000,106500,"list_cnv_geoc_other","QQZM01026.1"
"26",NA,NA,NA,NA,NA,NA,NA,NA,NA,NA,NA,NA,NA,NA,NA,NA,NA,NA,NA,NA,NA,NA,NA,NA,26,106000,106500,"list_cnv_geob_cheese","QQZM01026.1"
"26",NA,NA,NA,NA,NA,NA,NA,NA,NA,NA,NA,NA,NA,NA,NA,NA,NA,NA,NA,NA,NA,NA,NA,NA,26,79000,81000,"list_cnv_cheese_diff","QQZM01026.1"
"27",NA,NA,NA,NA,NA,NA,NA,NA,NA,NA,NA,NA,NA,NA,NA,NA,NA,NA,NA,NA,NA,NA,NA,NA,27,111500,112000,"list_cnv_geoc_other","QQZM01027.1"
"27",NA,NA,NA,NA,NA,NA,NA,NA,NA,NA,NA,NA,NA,NA,NA,NA,NA,NA,NA,NA,NA,NA,NA,NA,27,279000,280500,"list_cnv_geoc_other","QQZM01027.1"
"27",NA,NA,NA,NA,NA,NA,NA,NA,NA,NA,NA,NA,NA,NA,NA,NA,NA,NA,NA,NA,NA,NA,NA,NA,27,99500,100500,"list_cnv_geob_cheese","QQZM01027.1"
"27","g2248","g2248-T1","mRNA","QQZM01000027.1",5061,7133,"-","","hypothetical protein",NA,"","","PF08284;PF13650","IPR021109 Aspartic peptidase domain superfamily","ENOG503NVKU","L:(L) Replication, recombination and repair","",NA,NA,"","","",5061,7133,27,3000,7000,"list_cnv_cheese_diff","QQZM01027.1"
"27",NA,NA,NA,NA,NA,NA,NA,NA,NA,NA,NA,NA,NA,NA,NA,NA,NA,NA,NA,NA,NA,NA,NA,NA,27,8000,9000,"list_cnv_cheese_diff","QQZM01027.1"
"27",NA,NA,NA,NA,NA,NA,NA,NA,NA,NA,NA,NA,NA,NA,NA,NA,NA,NA,NA,NA,NA,NA,NA,NA,27,99500,100500,"list_cnv_cheese_diff","QQZM01027.1"
"27",NA,NA,NA,NA,NA,NA,NA,NA,NA,NA,NA,NA,NA,NA,NA,NA,NA,NA,NA,NA,NA,NA,NA,NA,27,109500,110000,"list_cnv_cheese_diff","QQZM01027.1"
"27",NA,NA,NA,NA,NA,NA,NA,NA,NA,NA,NA,NA,NA,NA,NA,NA,NA,NA,NA,NA,NA,NA,NA,NA,27,239000,241000,"list_cnv_cheese_diff","QQZM01027.1"
"27",NA,NA,NA,NA,NA,NA,NA,NA,NA,NA,NA,NA,NA,NA,NA,NA,NA,NA,NA,NA,NA,NA,NA,NA,27,278500,280500,"list_cnv_cheese_diff","QQZM01027.1"
"28",NA,NA,NA,NA,NA,NA,NA,NA,NA,NA,NA,NA,NA,NA,NA,NA,NA,NA,NA,NA,NA,NA,NA,NA,28,174000,174500,"list_cnv_geoc_other","QQZM01028.1"
"28","g2361","g2361-T1","mRNA","QQZM01000028.1",266109,266894,"+","","hypothetical protein",NA,"","","","IPR004875 DDE superfamily endonuclease domain","ENOG503P4P8","S:(S) Function unknown","GO_function: GO:0003676 - nucleic acid binding [Evidence IEA]",NA,NA,"","","",266109,266894,28,266500,267000,"list_cnv_geoc_other","QQZM01028.1"
"28",NA,NA,NA,NA,NA,NA,NA,NA,NA,NA,NA,NA,NA,NA,NA,NA,NA,NA,NA,NA,NA,NA,NA,NA,28,173500,174500,"list_cnv_geob_cheese","QQZM01028.1"
"28","g2361","g2361-T1","mRNA","QQZM01000028.1",266109,266894,"+","","hypothetical protein",NA,"","","","IPR004875 DDE superfamily endonuclease domain","ENOG503P4P8","S:(S) Function unknown","GO_function: GO:0003676 - nucleic acid binding [Evidence IEA]",NA,NA,"","","",266109,266894,28,266500,267000,"list_cnv_geob_cheese","QQZM01028.1"
"28",NA,NA,NA,NA,NA,NA,NA,NA,NA,NA,NA,NA,NA,NA,NA,NA,NA,NA,NA,NA,NA,NA,NA,NA,28,173500,175000,"list_cnv_cheese_diff","QQZM01028.1"
"28","g2361","g2361-T1","mRNA","QQZM01000028.1",266109,266894,"+","","hypothetical protein",NA,"","","","IPR004875 DDE superfamily endonuclease domain","ENOG503P4P8","S:(S) Function unknown","GO_function: GO:0003676 - nucleic acid binding [Evidence IEA]",NA,NA,"","","",266109,266894,28,266500,267000,"list_cnv_cheese_diff","QQZM01028.1"
"29",NA,NA,NA,NA,NA,NA,NA,NA,NA,NA,NA,NA,NA,NA,NA,NA,NA,NA,NA,NA,NA,NA,NA,NA,29,70000,71500,"list_cnv_geoc_other","QQZM01029.1"
"29",NA,NA,NA,NA,NA,NA,NA,NA,NA,NA,NA,NA,NA,NA,NA,NA,NA,NA,NA,NA,NA,NA,NA,NA,29,234500,235000,"list_cnv_geoc_other","QQZM01029.1"
"29",NA,NA,NA,NA,NA,NA,NA,NA,NA,NA,NA,NA,NA,NA,NA,NA,NA,NA,NA,NA,NA,NA,NA,NA,29,70000,71500,"list_cnv_geob_cheese","QQZM01029.1"
"29",NA,NA,NA,NA,NA,NA,NA,NA,NA,NA,NA,NA,NA,NA,NA,NA,NA,NA,NA,NA,NA,NA,NA,NA,29,163000,164000,"list_cnv_cheese_diff","QQZM01029.1"
"29",NA,NA,NA,NA,NA,NA,NA,NA,NA,NA,NA,NA,NA,NA,NA,NA,NA,NA,NA,NA,NA,NA,NA,NA,29,234500,235000,"list_cnv_cheese_diff","QQZM01029.1"
"30",NA,NA,NA,NA,NA,NA,NA,NA,NA,NA,NA,NA,NA,NA,NA,NA,NA,NA,NA,NA,NA,NA,NA,NA,30,60000,61000,"list_cnv_geoc_other","QQZM01030.1"
"30","g2645","g2645-T1","mRNA","QQZM01000030.1",251696,252679,"+","","hypothetical protein",NA,"","","PF00787","IPR000727 Target SNARE coiled-coil homology domain;IPR001683 Phox homology;IPR036871 PX domain superfamily","ENOG503Q3MP","U:(U) Intracellular trafficking, secretion, and vesicular transport","GO_function: GO:0035091 - phosphatidylinositol binding [Evidence IEA]",NA,NA,"","","",251696,252679,30,252500,253500,"list_cnv_geoc_other","QQZM01030.1"
"30",NA,NA,NA,NA,NA,NA,NA,NA,NA,NA,NA,NA,NA,NA,NA,NA,NA,NA,NA,NA,NA,NA,NA,NA,30,60000,61000,"list_cnv_geob_cheese","QQZM01030.1"
"30","g2645","g2645-T1","mRNA","QQZM01000030.1",251696,252679,"+","","hypothetical protein",NA,"","","PF00787","IPR000727 Target SNARE coiled-coil homology domain;IPR001683 Phox homology;IPR036871 PX domain superfamily","ENOG503Q3MP","U:(U) Intracellular trafficking, secretion, and vesicular transport","GO_function: GO:0035091 - phosphatidylinositol binding [Evidence IEA]",NA,NA,"","","",251696,252679,30,252500,253500,"list_cnv_geob_cheese","QQZM01030.1"
"30",NA,NA,NA,NA,NA,NA,NA,NA,NA,NA,NA,NA,NA,NA,NA,NA,NA,NA,NA,NA,NA,NA,NA,NA,30,60500,61000,"list_cnv_cheese_diff","QQZM01030.1"
"30","g2645","g2645-T1","mRNA","QQZM01000030.1",251696,252679,"+","","hypothetical protein",NA,"","","PF00787","IPR000727 Target SNARE coiled-coil homology domain;IPR001683 Phox homology;IPR036871 PX domain superfamily","ENOG503Q3MP","U:(U) Intracellular trafficking, secretion, and vesicular transport","GO_function: GO:0035091 - phosphatidylinositol binding [Evidence IEA]",NA,NA,"","","",251696,252679,30,252500,253500,"list_cnv_cheese_diff","QQZM01030.1"
"32","g2719","g2719-T1","mRNA","QQZM01000032.1",13097,28883,"+","","hypothetical protein",NA,"","","","","","","",NA,NA,"","","",13097,28883,32,15500,16000,"list_cnv_geob_cheese","QQZM01032.1"
"32","g2719","g2719-T1","mRNA","QQZM01000032.1",13097,28883,"+","","hypothetical protein",NA,"","","","","","","",NA,NA,"","","",13097,28883,32,18000,18500,"list_cnv_geob_cheese","QQZM01032.1"
"32","g2722","g2722-T1","mRNA","QQZM01000032.1",34542,35084,"+","","hypothetical protein",NA,"","","","","","","",NA,NA,"","","",34542,35084,32,34000,36000,"list_cnv_geob_cheese","QQZM01032.1"
"32",NA,NA,NA,NA,NA,NA,NA,NA,NA,NA,NA,NA,NA,NA,NA,NA,NA,NA,NA,NA,NA,NA,NA,NA,32,99500,100500,"list_cnv_geob_cheese","QQZM01032.1"
"32","g2719","g2719-T1","mRNA","QQZM01000032.1",13097,28883,"+","","hypothetical protein",NA,"","","","","","","",NA,NA,"","","",13097,28883,32,15500,19500,"list_cnv_cheese_diff","QQZM01032.1"
"32","g2719","g2719-T1","mRNA","QQZM01000032.1",13097,28883,"+","","hypothetical protein",NA,"","","","","","","",NA,NA,"","","",13097,28883,32,20500,22000,"list_cnv_cheese_diff","QQZM01032.1"
"32","g2722","g2722-T1","mRNA","QQZM01000032.1",34542,35084,"+","","hypothetical protein",NA,"","","","","","","",NA,NA,"","","",34542,35084,32,34000,36000,"list_cnv_cheese_diff","QQZM01032.1"
"33",NA,NA,NA,NA,NA,NA,NA,NA,NA,NA,NA,NA,NA,NA,NA,NA,NA,NA,NA,NA,NA,NA,NA,NA,33,220000,221500,"list_cnv_geoc_other","QQZM01033.1"
"34","g2824","g2824-T1","mRNA","QQZM01000034.1",2859,7710,"+","","hypothetical protein",NA,"","","PF00665;PF07727;PF13976;PF17241","IPR001584 Integrase, catalytic core;IPR001878 Zinc finger, CCHC-type;IPR012337 Ribonuclease H-like superfamily;IPR013103 Reverse transcriptase, RNA-dependent DNA polymerase;IPR025724 GAG-pre-integrase domain;IPR035179 Protein of unknown function DUF5314;IPR036397 Ribonuclease H superfamily;IPR043502 DNA/RNA polymerase superfamily","ENOG503NUZ7","L:(L) Replication, recombination and repair","GO_function: GO:0008270 - zinc ion binding [Evidence IEA];GO_function: GO:0003676 - nucleic acid binding [Evidence IEA];GO_process: GO:0015074 - DNA integration [Evidence IEA]",NA,NA,"","","",2859,7710,34,3000,5000,"list_cnv_geoc_other","QQZM01034.1"
"34","g2824","g2824-T1","mRNA","QQZM01000034.1",2859,7710,"+","","hypothetical protein",NA,"","","PF00665;PF07727;PF13976;PF17241","IPR001584 Integrase, catalytic core;IPR001878 Zinc finger, CCHC-type;IPR012337 Ribonuclease H-like superfamily;IPR013103 Reverse transcriptase, RNA-dependent DNA polymerase;IPR025724 GAG-pre-integrase domain;IPR035179 Protein of unknown function DUF5314;IPR036397 Ribonuclease H superfamily;IPR043502 DNA/RNA polymerase superfamily","ENOG503NUZ7","L:(L) Replication, recombination and repair","GO_function: GO:0008270 - zinc ion binding [Evidence IEA];GO_function: GO:0003676 - nucleic acid binding [Evidence IEA];GO_process: GO:0015074 - DNA integration [Evidence IEA]",NA,NA,"","","",2859,7710,34,5500,7500,"list_cnv_geoc_other","QQZM01034.1"
"34",NA,NA,NA,NA,NA,NA,NA,NA,NA,NA,NA,NA,NA,NA,NA,NA,NA,NA,NA,NA,NA,NA,NA,NA,34,11500,12500,"list_cnv_geoc_other","QQZM01034.1"
"34","g2824","g2824-T1","mRNA","QQZM01000034.1",2859,7710,"+","","hypothetical protein",NA,"","","PF00665;PF07727;PF13976;PF17241","IPR001584 Integrase, catalytic core;IPR001878 Zinc finger, CCHC-type;IPR012337 Ribonuclease H-like superfamily;IPR013103 Reverse transcriptase, RNA-dependent DNA polymerase;IPR025724 GAG-pre-integrase domain;IPR035179 Protein of unknown function DUF5314;IPR036397 Ribonuclease H superfamily;IPR043502 DNA/RNA polymerase superfamily","ENOG503NUZ7","L:(L) Replication, recombination and repair","GO_function: GO:0008270 - zinc ion binding [Evidence IEA];GO_function: GO:0003676 - nucleic acid binding [Evidence IEA];GO_process: GO:0015074 - DNA integration [Evidence IEA]",NA,NA,"","","",2859,7710,34,2500,7500,"list_cnv_geob_cheese","QQZM01034.1"
"34",NA,NA,NA,NA,NA,NA,NA,NA,NA,NA,NA,NA,NA,NA,NA,NA,NA,NA,NA,NA,NA,NA,NA,NA,34,11500,12000,"list_cnv_geob_cheese","QQZM01034.1"
"34","g2824","g2824-T1","mRNA","QQZM01000034.1",2859,7710,"+","","hypothetical protein",NA,"","","PF00665;PF07727;PF13976;PF17241","IPR001584 Integrase, catalytic core;IPR001878 Zinc finger, CCHC-type;IPR012337 Ribonuclease H-like superfamily;IPR013103 Reverse transcriptase, RNA-dependent DNA polymerase;IPR025724 GAG-pre-integrase domain;IPR035179 Protein of unknown function DUF5314;IPR036397 Ribonuclease H superfamily;IPR043502 DNA/RNA polymerase superfamily","ENOG503NUZ7","L:(L) Replication, recombination and repair","GO_function: GO:0008270 - zinc ion binding [Evidence IEA];GO_function: GO:0003676 - nucleic acid binding [Evidence IEA];GO_process: GO:0015074 - DNA integration [Evidence IEA]",NA,NA,"","","",2859,7710,34,2500,3000,"list_cnv_cheese_diff","QQZM01034.1"
"34","g2824","g2824-T1","mRNA","QQZM01000034.1",2859,7710,"+","","hypothetical protein",NA,"","","PF00665;PF07727;PF13976;PF17241","IPR001584 Integrase, catalytic core;IPR001878 Zinc finger, CCHC-type;IPR012337 Ribonuclease H-like superfamily;IPR013103 Reverse transcriptase, RNA-dependent DNA polymerase;IPR025724 GAG-pre-integrase domain;IPR035179 Protein of unknown function DUF5314;IPR036397 Ribonuclease H superfamily;IPR043502 DNA/RNA polymerase superfamily","ENOG503NUZ7","L:(L) Replication, recombination and repair","GO_function: GO:0008270 - zinc ion binding [Evidence IEA];GO_function: GO:0003676 - nucleic acid binding [Evidence IEA];GO_process: GO:0015074 - DNA integration [Evidence IEA]",NA,NA,"","","",2859,7710,34,4500,6000,"list_cnv_cheese_diff","QQZM01034.1"
"34","g2824","g2824-T1","mRNA","QQZM01000034.1",2859,7710,"+","","hypothetical protein",NA,"","","PF00665;PF07727;PF13976;PF17241","IPR001584 Integrase, catalytic core;IPR001878 Zinc finger, CCHC-type;IPR012337 Ribonuclease H-like superfamily;IPR013103 Reverse transcriptase, RNA-dependent DNA polymerase;IPR025724 GAG-pre-integrase domain;IPR035179 Protein of unknown function DUF5314;IPR036397 Ribonuclease H superfamily;IPR043502 DNA/RNA polymerase superfamily","ENOG503NUZ7","L:(L) Replication, recombination and repair","GO_function: GO:0008270 - zinc ion binding [Evidence IEA];GO_function: GO:0003676 - nucleic acid binding [Evidence IEA];GO_process: GO:0015074 - DNA integration [Evidence IEA]",NA,NA,"","","",2859,7710,34,7000,9000,"list_cnv_cheese_diff","QQZM01034.1"
"34",NA,NA,NA,NA,NA,NA,NA,NA,NA,NA,NA,NA,NA,NA,NA,NA,NA,NA,NA,NA,NA,NA,NA,NA,34,12000,12500,"list_cnv_cheese_diff","QQZM01034.1"
"36",NA,NA,NA,NA,NA,NA,NA,NA,NA,NA,NA,NA,NA,NA,NA,NA,NA,NA,NA,NA,NA,NA,NA,NA,36,15500,16000,"list_cnv_geoc_other","QQZM01036.1"
"36",NA,NA,NA,NA,NA,NA,NA,NA,NA,NA,NA,NA,NA,NA,NA,NA,NA,NA,NA,NA,NA,NA,NA,NA,36,65500,66000,"list_cnv_geoc_other","QQZM01036.1"
"36",NA,NA,NA,NA,NA,NA,NA,NA,NA,NA,NA,NA,NA,NA,NA,NA,NA,NA,NA,NA,NA,NA,NA,NA,36,15500,16000,"list_cnv_geob_cheese","QQZM01036.1"
"36",NA,NA,NA,NA,NA,NA,NA,NA,NA,NA,NA,NA,NA,NA,NA,NA,NA,NA,NA,NA,NA,NA,NA,NA,36,15500,16000,"list_cnv_cheese_diff","QQZM01036.1"
"36",NA,NA,NA,NA,NA,NA,NA,NA,NA,NA,NA,NA,NA,NA,NA,NA,NA,NA,NA,NA,NA,NA,NA,NA,36,148500,149000,"list_cnv_cheese_diff","QQZM01036.1"
"36",NA,NA,NA,NA,NA,NA,NA,NA,NA,NA,NA,NA,NA,NA,NA,NA,NA,NA,NA,NA,NA,NA,NA,NA,36,159000,159500,"list_cnv_cheese_diff","QQZM01036.1"
"37",NA,NA,NA,NA,NA,NA,NA,NA,NA,NA,NA,NA,NA,NA,NA,NA,NA,NA,NA,NA,NA,NA,NA,NA,37,209500,211500,"list_cnv_geoc_other","QQZM01037.1"
"37",NA,NA,NA,NA,NA,NA,NA,NA,NA,NA,NA,NA,NA,NA,NA,NA,NA,NA,NA,NA,NA,NA,NA,NA,37,209500,211500,"list_cnv_geob_cheese","QQZM01037.1"
"37","g2985","g2985-T1","mRNA","QQZM01000037.1",55534,56040,"-","","hypothetical protein",NA,"","","","","","","",NA,NA,"","","",55534,56040,37,55500,57500,"list_cnv_cheese_diff","QQZM01037.1"
"38",NA,NA,NA,NA,NA,NA,NA,NA,NA,NA,NA,NA,NA,NA,NA,NA,NA,NA,NA,NA,NA,NA,NA,NA,38,94500,96000,"list_cnv_geoc_other","QQZM01038.1"
"38","g3034","g3034-T1","mRNA","QQZM01000038.1",97897,99324,"-","","hypothetical protein",NA,"","","","","","","",NA,NA,"","","",97897,99324,38,99000,99500,"list_cnv_geoc_other","QQZM01038.1"
"38",NA,NA,NA,NA,NA,NA,NA,NA,NA,NA,NA,NA,NA,NA,NA,NA,NA,NA,NA,NA,NA,NA,NA,NA,38,137500,138500,"list_cnv_geoc_other","QQZM01038.1"
"38",NA,NA,NA,NA,NA,NA,NA,NA,NA,NA,NA,NA,NA,NA,NA,NA,NA,NA,NA,NA,NA,NA,NA,NA,38,94500,95000,"list_cnv_geob_cheese","QQZM01038.1"
"38",NA,NA,NA,NA,NA,NA,NA,NA,NA,NA,NA,NA,NA,NA,NA,NA,NA,NA,NA,NA,NA,NA,NA,NA,38,122500,123000,"list_cnv_geob_cheese","QQZM01038.1"
"38",NA,NA,NA,NA,NA,NA,NA,NA,NA,NA,NA,NA,NA,NA,NA,NA,NA,NA,NA,NA,NA,NA,NA,NA,38,137500,138500,"list_cnv_geob_cheese","QQZM01038.1"
"38",NA,NA,NA,NA,NA,NA,NA,NA,NA,NA,NA,NA,NA,NA,NA,NA,NA,NA,NA,NA,NA,NA,NA,NA,38,41500,42000,"list_cnv_cheese_diff","QQZM01038.1"
"38","g3033","g3033-T1","mRNA","QQZM01000038.1",96392,97805,"-","","hypothetical protein",NA,"","","PF14529","IPR005135 Endonuclease/exonuclease/phosphatase;IPR036691 Endonuclease/exonuclease/phosphatase superfamily","ENOG503NZQB","S:(S) Function unknown","GO_function: GO:0003824 - catalytic activity [Evidence IEA]",NA,NA,"","","",96392,97805,38,94500,99000,"list_cnv_cheese_diff","QQZM01038.1"
"38","g3034","g3034-T1","mRNA","QQZM01000038.1",97897,99324,"-","","hypothetical protein",NA,"","","","","","","",NA,NA,"","","",97897,99324,38,94500,99000,"list_cnv_cheese_diff","QQZM01038.1"
"38",NA,NA,NA,NA,NA,NA,NA,NA,NA,NA,NA,NA,NA,NA,NA,NA,NA,NA,NA,NA,NA,NA,NA,NA,38,122500,123500,"list_cnv_cheese_diff","QQZM01038.1"
"38",NA,NA,NA,NA,NA,NA,NA,NA,NA,NA,NA,NA,NA,NA,NA,NA,NA,NA,NA,NA,NA,NA,NA,NA,38,137500,138500,"list_cnv_cheese_diff","QQZM01038.1"
"40",NA,NA,NA,NA,NA,NA,NA,NA,NA,NA,NA,NA,NA,NA,NA,NA,NA,NA,NA,NA,NA,NA,NA,NA,40,146000,146500,"list_cnv_geob_cheese","QQZM01040.1"
"40",NA,NA,NA,NA,NA,NA,NA,NA,NA,NA,NA,NA,NA,NA,NA,NA,NA,NA,NA,NA,NA,NA,NA,NA,40,137500,139000,"list_cnv_cheese_diff","QQZM01040.1"
"40","g3306","g3306-T1","mRNA","QQZM01000040.1",193690,204923,"-","","hypothetical protein",NA,"","","PF12814","IPR001849 Pleckstrin homology domain;IPR024774 Pleckstrin homology domain, Mcp5-type","ENOG503Q3ME","U:(U) Intracellular trafficking, secretion, and vesicular transport","GO_component: GO:0005938 - cell cortex [Evidence IEA];GO_function: GO:0005515 - protein binding [Evidence IEA];GO_function: GO:0005543 - phospholipid binding [Evidence IEA];GO_process: GO:0032065 - maintenance of protein location in cell cortex [Evidence IEA]",NA,NA,"","","",193690,204923,40,203500,204000,"list_cnv_cheese_diff","QQZM01040.1"
"41",NA,NA,NA,NA,NA,NA,NA,NA,NA,NA,NA,NA,NA,NA,NA,NA,NA,NA,NA,NA,NA,NA,NA,NA,41,40500,41500,"list_cnv_geoc_other","QQZM01041.1"
"41",NA,NA,NA,NA,NA,NA,NA,NA,NA,NA,NA,NA,NA,NA,NA,NA,NA,NA,NA,NA,NA,NA,NA,NA,41,40500,41500,"list_cnv_geob_cheese","QQZM01041.1"
"41",NA,NA,NA,NA,NA,NA,NA,NA,NA,NA,NA,NA,NA,NA,NA,NA,NA,NA,NA,NA,NA,NA,NA,NA,41,40500,41000,"list_cnv_cheese_diff","QQZM01041.1"
"42",NA,NA,NA,NA,NA,NA,NA,NA,NA,NA,NA,NA,NA,NA,NA,NA,NA,NA,NA,NA,NA,NA,NA,NA,42,150000,150500,"list_cnv_geoc_other","QQZM01042.1"
"42",NA,NA,NA,NA,NA,NA,NA,NA,NA,NA,NA,NA,NA,NA,NA,NA,NA,NA,NA,NA,NA,NA,NA,NA,42,150000,150500,"list_cnv_geob_cheese","QQZM01042.1"
"42",NA,NA,NA,NA,NA,NA,NA,NA,NA,NA,NA,NA,NA,NA,NA,NA,NA,NA,NA,NA,NA,NA,NA,NA,42,149500,151000,"list_cnv_cheese_diff","QQZM01042.1"
"42",NA,NA,NA,NA,NA,NA,NA,NA,NA,NA,NA,NA,NA,NA,NA,NA,NA,NA,NA,NA,NA,NA,NA,NA,42,172500,173000,"list_cnv_cheese_diff","QQZM01042.1"
"44","g3466","g3466-T1","mRNA","QQZM01000044.1",56873,57832,"-","","hypothetical protein",NA,"","","","","","","",NA,NA,"","","",56873,57832,44,56500,58000,"list_cnv_cheese_diff","QQZM01044.1"
"44",NA,NA,NA,NA,NA,NA,NA,NA,NA,NA,NA,NA,NA,NA,NA,NA,NA,NA,NA,NA,NA,NA,NA,NA,44,92500,93500,"list_cnv_cheese_diff","QQZM01044.1"
"44",NA,NA,NA,NA,NA,NA,NA,NA,NA,NA,NA,NA,NA,NA,NA,NA,NA,NA,NA,NA,NA,NA,NA,NA,44,189500,190000,"list_cnv_cheese_diff","QQZM01044.1"
"46",NA,NA,NA,NA,NA,NA,NA,NA,NA,NA,NA,NA,NA,NA,NA,NA,NA,NA,NA,NA,NA,NA,NA,NA,46,134000,135500,"list_cnv_geoc_other","QQZM01046.1"
"46",NA,NA,NA,NA,NA,NA,NA,NA,NA,NA,NA,NA,NA,NA,NA,NA,NA,NA,NA,NA,NA,NA,NA,NA,46,134000,135500,"list_cnv_geob_cheese","QQZM01046.1"
"46",NA,NA,NA,NA,NA,NA,NA,NA,NA,NA,NA,NA,NA,NA,NA,NA,NA,NA,NA,NA,NA,NA,NA,NA,46,134000,134500,"list_cnv_cheese_diff","QQZM01046.1"
"47",NA,NA,NA,NA,NA,NA,NA,NA,NA,NA,NA,NA,NA,NA,NA,NA,NA,NA,NA,NA,NA,NA,NA,NA,47,169000,176000,"list_cnv_cheese_diff","QQZM01047.1"
"48",NA,NA,NA,NA,NA,NA,NA,NA,NA,NA,NA,NA,NA,NA,NA,NA,NA,NA,NA,NA,NA,NA,NA,NA,48,29500,30000,"list_cnv_geoc_other","QQZM01048.1"
"48",NA,NA,NA,NA,NA,NA,NA,NA,NA,NA,NA,NA,NA,NA,NA,NA,NA,NA,NA,NA,NA,NA,NA,NA,48,161500,162500,"list_cnv_geoc_other","QQZM01048.1"
"48",NA,NA,NA,NA,NA,NA,NA,NA,NA,NA,NA,NA,NA,NA,NA,NA,NA,NA,NA,NA,NA,NA,NA,NA,48,29500,30000,"list_cnv_geob_cheese","QQZM01048.1"
"48",NA,NA,NA,NA,NA,NA,NA,NA,NA,NA,NA,NA,NA,NA,NA,NA,NA,NA,NA,NA,NA,NA,NA,NA,48,161500,162500,"list_cnv_geob_cheese","QQZM01048.1"
"48",NA,NA,NA,NA,NA,NA,NA,NA,NA,NA,NA,NA,NA,NA,NA,NA,NA,NA,NA,NA,NA,NA,NA,NA,48,164000,164500,"list_cnv_geob_cheese","QQZM01048.1"
"48",NA,NA,NA,NA,NA,NA,NA,NA,NA,NA,NA,NA,NA,NA,NA,NA,NA,NA,NA,NA,NA,NA,NA,NA,48,169500,170500,"list_cnv_geob_cheese","QQZM01048.1"
"48",NA,NA,NA,NA,NA,NA,NA,NA,NA,NA,NA,NA,NA,NA,NA,NA,NA,NA,NA,NA,NA,NA,NA,NA,48,29000,29500,"list_cnv_cheese_diff","QQZM01048.1"
"48","g3671","g3671-T1","mRNA","QQZM01000048.1",143945,145678,"-","","hypothetical protein",NA,"","","PF07690","IPR011701 Major facilitator superfamily;IPR020846 Major facilitator superfamily domain;IPR036259 MFS transporter superfamily","ENOG503NUAW","U:(U) Intracellular trafficking, secretion, and vesicular transport","GO_function: GO:0022857 - transmembrane transporter activity [Evidence IEA];GO_process: GO:0055085 - transmembrane transport [Evidence IEA]",NA,NA,"","","",143945,145678,48,144500,161500,"list_cnv_cheese_diff","QQZM01048.1"
"48","g3672","g3672-T1","mRNA","QQZM01000048.1",153633,155240,"-","UGA4_2","GABA-specific high-affinity permease",NA,"","","PF00324;PF13520","IPR002293 Amino acid/polyamine transporter I","ENOG503NU3Y","E:(E) Amino acid transport and metabolism","GO_component: GO:0016020 - membrane [Evidence IEA];GO_function: GO:0022857 - transmembrane transporter activity [Evidence IEA];GO_process: GO:0055085 - transmembrane transport [Evidence IEA]",NA,NA,"","","",153633,155240,48,144500,161500,"list_cnv_cheese_diff","QQZM01048.1"
"48","g3673","g3673-T1","mRNA","QQZM01000048.1",168311,169246,"+","","hypothetical protein",NA,"","","PF01036","IPR001425 Archaeal/bacterial/fungal rhodopsins;IPR043476 Yro2-like,  7TM domain","ENOG503NYUU","S:(S) Function unknown","GO_component: GO:0016020 - membrane [Evidence IEA];GO_function: GO:0005216 - ion channel activity [Evidence IEA];GO_process: GO:0006811 - ion transport [Evidence IEA]",NA,NA,"","","",168311,169246,48,162500,171000,"list_cnv_cheese_diff","QQZM01048.1"
"48",NA,NA,NA,NA,NA,NA,NA,NA,NA,NA,NA,NA,NA,NA,NA,NA,NA,NA,NA,NA,NA,NA,NA,NA,48,173500,174000,"list_cnv_cheese_diff","QQZM01048.1"
"49",NA,NA,NA,NA,NA,NA,NA,NA,NA,NA,NA,NA,NA,NA,NA,NA,NA,NA,NA,NA,NA,NA,NA,NA,49,1000,2000,"list_cnv_geoc_other","QQZM01049.1"
"49","g3704","g3704-T1","mRNA","QQZM01000049.1",110707,112851,"-","ALG9_1","mannosyltransferase",NA,"2.4.1.2","EOG093410GO","PF03901","IPR005599 GPI mannosyltransferase;IPR039484 Alpha-1,2-mannosyltransferase ALG9-like","ENOG503NV47","G:(G) Carbohydrate transport and metabolism","GO_function: GO:0000030 - mannosyltransferase activity [Evidence IEA];GO_function: GO:0016757 - glycosyltransferase activity [Evidence IEA]",NA,NA,"","GT22","",110707,112851,49,111000,112000,"list_cnv_geoc_other","QQZM01049.1"
"49",NA,NA,NA,NA,NA,NA,NA,NA,NA,NA,NA,NA,NA,NA,NA,NA,NA,NA,NA,NA,NA,NA,NA,NA,49,1000,2000,"list_cnv_geob_cheese","QQZM01049.1"
"49","g3704","g3704-T1","mRNA","QQZM01000049.1",110707,112851,"-","ALG9_1","mannosyltransferase",NA,"2.4.1.2","EOG093410GO","PF03901","IPR005599 GPI mannosyltransferase;IPR039484 Alpha-1,2-mannosyltransferase ALG9-like","ENOG503NV47","G:(G) Carbohydrate transport and metabolism","GO_function: GO:0000030 - mannosyltransferase activity [Evidence IEA];GO_function: GO:0016757 - glycosyltransferase activity [Evidence IEA]",NA,NA,"","GT22","",110707,112851,49,112000,113000,"list_cnv_geob_cheese","QQZM01049.1"
"49",NA,NA,NA,NA,NA,NA,NA,NA,NA,NA,NA,NA,NA,NA,NA,NA,NA,NA,NA,NA,NA,NA,NA,NA,49,1500,2000,"list_cnv_cheese_diff","QQZM01049.1"
"49","g3704","g3704-T1","mRNA","QQZM01000049.1",110707,112851,"-","ALG9_1","mannosyltransferase",NA,"2.4.1.2","EOG093410GO","PF03901","IPR005599 GPI mannosyltransferase;IPR039484 Alpha-1,2-mannosyltransferase ALG9-like","ENOG503NV47","G:(G) Carbohydrate transport and metabolism","GO_function: GO:0000030 - mannosyltransferase activity [Evidence IEA];GO_function: GO:0016757 - glycosyltransferase activity [Evidence IEA]",NA,NA,"","GT22","",110707,112851,49,110500,111000,"list_cnv_cheese_diff","QQZM01049.1"
"49","g3704","g3704-T1","mRNA","QQZM01000049.1",110707,112851,"-","ALG9_1","mannosyltransferase",NA,"2.4.1.2","EOG093410GO","PF03901","IPR005599 GPI mannosyltransferase;IPR039484 Alpha-1,2-mannosyltransferase ALG9-like","ENOG503NV47","G:(G) Carbohydrate transport and metabolism","GO_function: GO:0000030 - mannosyltransferase activity [Evidence IEA];GO_function: GO:0016757 - glycosyltransferase activity [Evidence IEA]",NA,NA,"","GT22","",110707,112851,49,112000,115000,"list_cnv_cheese_diff","QQZM01049.1"
"49","g3705","g3705-T1","mRNA","QQZM01000049.1",113181,116555,"-","ALG9_2","mannosyltransferase",NA,"2.4.1.2","","","IPR005599 GPI mannosyltransferase;IPR039484 Alpha-1,2-mannosyltransferase ALG9-like","ENOG503NV47","G:(G) Carbohydrate transport and metabolism","GO_function: GO:0000030 - mannosyltransferase activity [Evidence IEA];GO_function: GO:0016757 - glycosyltransferase activity [Evidence IEA]",NA,NA,"","","",113181,116555,49,112000,115000,"list_cnv_cheese_diff","QQZM01049.1"
"50",NA,NA,NA,NA,NA,NA,NA,NA,NA,NA,NA,NA,NA,NA,NA,NA,NA,NA,NA,NA,NA,NA,NA,NA,50,169500,170000,"list_cnv_cheese_diff","QQZM01050.1"
"50",NA,NA,NA,NA,NA,NA,NA,NA,NA,NA,NA,NA,NA,NA,NA,NA,NA,NA,NA,NA,NA,NA,NA,NA,50,171000,171500,"list_cnv_cheese_diff","QQZM01050.1"
"52",NA,NA,NA,NA,NA,NA,NA,NA,NA,NA,NA,NA,NA,NA,NA,NA,NA,NA,NA,NA,NA,NA,NA,NA,52,1500,2500,"list_cnv_geoc_other","QQZM01052.1"
"52",NA,NA,NA,NA,NA,NA,NA,NA,NA,NA,NA,NA,NA,NA,NA,NA,NA,NA,NA,NA,NA,NA,NA,NA,52,99000,100500,"list_cnv_geoc_other","QQZM01052.1"
"52",NA,NA,NA,NA,NA,NA,NA,NA,NA,NA,NA,NA,NA,NA,NA,NA,NA,NA,NA,NA,NA,NA,NA,NA,52,99000,100500,"list_cnv_geob_cheese","QQZM01052.1"
"52",NA,NA,NA,NA,NA,NA,NA,NA,NA,NA,NA,NA,NA,NA,NA,NA,NA,NA,NA,NA,NA,NA,NA,NA,52,2500,3000,"list_cnv_cheese_diff","QQZM01052.1"
"52",NA,NA,NA,NA,NA,NA,NA,NA,NA,NA,NA,NA,NA,NA,NA,NA,NA,NA,NA,NA,NA,NA,NA,NA,52,58500,60000,"list_cnv_cheese_diff","QQZM01052.1"
"53",NA,NA,NA,NA,NA,NA,NA,NA,NA,NA,NA,NA,NA,NA,NA,NA,NA,NA,NA,NA,NA,NA,NA,NA,53,12000,13000,"list_cnv_geoc_other","QQZM01053.1"
"53",NA,NA,NA,NA,NA,NA,NA,NA,NA,NA,NA,NA,NA,NA,NA,NA,NA,NA,NA,NA,NA,NA,NA,NA,53,20500,22000,"list_cnv_geoc_other","QQZM01053.1"
"53",NA,NA,NA,NA,NA,NA,NA,NA,NA,NA,NA,NA,NA,NA,NA,NA,NA,NA,NA,NA,NA,NA,NA,NA,53,12000,13000,"list_cnv_geob_cheese","QQZM01053.1"
"53",NA,NA,NA,NA,NA,NA,NA,NA,NA,NA,NA,NA,NA,NA,NA,NA,NA,NA,NA,NA,NA,NA,NA,NA,53,20500,22000,"list_cnv_geob_cheese","QQZM01053.1"
"53",NA,NA,NA,NA,NA,NA,NA,NA,NA,NA,NA,NA,NA,NA,NA,NA,NA,NA,NA,NA,NA,NA,NA,NA,53,12000,13000,"list_cnv_cheese_diff","QQZM01053.1"
"53",NA,NA,NA,NA,NA,NA,NA,NA,NA,NA,NA,NA,NA,NA,NA,NA,NA,NA,NA,NA,NA,NA,NA,NA,53,22500,23000,"list_cnv_cheese_diff","QQZM01053.1"
"53",NA,NA,NA,NA,NA,NA,NA,NA,NA,NA,NA,NA,NA,NA,NA,NA,NA,NA,NA,NA,NA,NA,NA,NA,53,23500,24000,"list_cnv_cheese_diff","QQZM01053.1"
"53",NA,NA,NA,NA,NA,NA,NA,NA,NA,NA,NA,NA,NA,NA,NA,NA,NA,NA,NA,NA,NA,NA,NA,NA,53,70500,71000,"list_cnv_cheese_diff","QQZM01053.1"
"53",NA,NA,NA,NA,NA,NA,NA,NA,NA,NA,NA,NA,NA,NA,NA,NA,NA,NA,NA,NA,NA,NA,NA,NA,53,77500,78500,"list_cnv_cheese_diff","QQZM01053.1"
"54",NA,NA,NA,NA,NA,NA,NA,NA,NA,NA,NA,NA,NA,NA,NA,NA,NA,NA,NA,NA,NA,NA,NA,NA,54,144000,146000,"list_cnv_geoc_other","QQZM01054.1"
"54",NA,NA,NA,NA,NA,NA,NA,NA,NA,NA,NA,NA,NA,NA,NA,NA,NA,NA,NA,NA,NA,NA,NA,NA,54,144000,146000,"list_cnv_geob_cheese","QQZM01054.1"
"55",NA,NA,NA,NA,NA,NA,NA,NA,NA,NA,NA,NA,NA,NA,NA,NA,NA,NA,NA,NA,NA,NA,NA,NA,55,67500,68500,"list_cnv_geoc_other","QQZM01055.1"
"55",NA,NA,NA,NA,NA,NA,NA,NA,NA,NA,NA,NA,NA,NA,NA,NA,NA,NA,NA,NA,NA,NA,NA,NA,55,97000,98000,"list_cnv_geoc_other","QQZM01055.1"
"55","g4056","g4056-T1","mRNA","QQZM01000055.1",47852,52324,"-","","hypothetical protein",NA,"","","","","","","",NA,NA,"","","",47852,52324,55,49000,50000,"list_cnv_cheese_diff","QQZM01055.1"
"55",NA,NA,NA,NA,NA,NA,NA,NA,NA,NA,NA,NA,NA,NA,NA,NA,NA,NA,NA,NA,NA,NA,NA,NA,55,67500,68000,"list_cnv_cheese_diff","QQZM01055.1"
"55",NA,NA,NA,NA,NA,NA,NA,NA,NA,NA,NA,NA,NA,NA,NA,NA,NA,NA,NA,NA,NA,NA,NA,NA,55,97500,98000,"list_cnv_cheese_diff","QQZM01055.1"
"56","g4092","g4092-T1","mRNA","QQZM01000056.1",82026,82451,"+","","hypothetical protein",NA,"","","","","","","",NA,NA,"","","",82026,82451,56,81500,82500,"list_cnv_geoc_other","QQZM01056.1"
"56","g4092","g4092-T1","mRNA","QQZM01000056.1",82026,82451,"+","","hypothetical protein",NA,"","","","","","","",NA,NA,"","","",82026,82451,56,82000,82500,"list_cnv_geob_cheese","QQZM01056.1"
"56","g4093","g4093-T1","mRNA","QQZM01000056.1",86804,87738,"-","","hypothetical protein",NA,"","","","","ENOG503NY0X","","",NA,NA,"","","",86804,87738,56,84000,93500,"list_cnv_geob_cheese","QQZM01056.1"
"56","g4094","g4094-T1","mRNA","QQZM01000056.1",90573,91274,"-","","hypothetical protein",NA,"","","","","ENOG503PWTZ","","",NA,NA,"","","",90573,91274,56,84000,93500,"list_cnv_geob_cheese","QQZM01056.1"
"56",NA,NA,NA,NA,NA,NA,NA,NA,NA,NA,NA,NA,NA,NA,NA,NA,NA,NA,NA,NA,NA,NA,NA,NA,56,94500,96500,"list_cnv_geob_cheese","QQZM01056.1"
"56","g4092","g4092-T1","mRNA","QQZM01000056.1",82026,82451,"+","","hypothetical protein",NA,"","","","","","","",NA,NA,"","","",82026,82451,56,81500,82500,"list_cnv_cheese_diff","QQZM01056.1"
"56","g4093","g4093-T1","mRNA","QQZM01000056.1",86804,87738,"-","","hypothetical protein",NA,"","","","","ENOG503NY0X","","",NA,NA,"","","",86804,87738,56,83000,96000,"list_cnv_cheese_diff","QQZM01056.1"
"56","g4094","g4094-T1","mRNA","QQZM01000056.1",90573,91274,"-","","hypothetical protein",NA,"","","","","ENOG503PWTZ","","",NA,NA,"","","",90573,91274,56,83000,96000,"list_cnv_cheese_diff","QQZM01056.1"
"57","g4131","g4131-T1","mRNA","QQZM01000057.1",109115,110986,"+","","hypothetical protein",NA,"","","PF11951","IPR021858 Fungal transcription factor","ENOG503NXFI","S:(S) Function unknown","",NA,NA,"","","",109115,110986,57,110500,112000,"list_cnv_geoc_other","QQZM01057.1"
"57","g4131","g4131-T1","mRNA","QQZM01000057.1",109115,110986,"+","","hypothetical protein",NA,"","","PF11951","IPR021858 Fungal transcription factor","ENOG503NXFI","S:(S) Function unknown","",NA,NA,"","","",109115,110986,57,110500,112000,"list_cnv_geob_cheese","QQZM01057.1"
"57",NA,NA,NA,NA,NA,NA,NA,NA,NA,NA,NA,NA,NA,NA,NA,NA,NA,NA,NA,NA,NA,NA,NA,NA,57,111000,111500,"list_cnv_cheese_diff","QQZM01057.1"
"58",NA,NA,NA,NA,NA,NA,NA,NA,NA,NA,NA,NA,NA,NA,NA,NA,NA,NA,NA,NA,NA,NA,NA,NA,58,8500,9000,"list_cnv_cheese_diff","QQZM01058.1"
"59","g4177","g4177-T1","mRNA","QQZM01000059.1",12405,14282,"-","FRE3_2","ferric-chelate reductase",NA,"","","PF01794;PF08022;PF08030","IPR013112 FAD-binding 8;IPR013121 Ferric reductase, NAD binding domain;IPR013130 Ferric reductase transmembrane component-like domain;IPR017927 FAD-binding domain, ferredoxin reductase-type;IPR017938 Riboflavin synthase-like beta-barrel;IPR039261 Ferredoxin-NADP reductase (FNR), nucleotide-binding domain","ENOG503NUJC","P:(P) Inorganic ion transport and metabolism;Q:(Q) Secondary metabolites biosynthesis, transport and catabolism","GO_function: GO:0016491 - oxidoreductase activity [Evidence IEA]",NA,NA,"","","",12405,14282,59,12500,13500,"list_cnv_geoc_other","QQZM01059.1"
"59",NA,NA,NA,NA,NA,NA,NA,NA,NA,NA,NA,NA,NA,NA,NA,NA,NA,NA,NA,NA,NA,NA,NA,NA,59,22000,24000,"list_cnv_geoc_other","QQZM01059.1"
"59",NA,NA,NA,NA,NA,NA,NA,NA,NA,NA,NA,NA,NA,NA,NA,NA,NA,NA,NA,NA,NA,NA,NA,NA,59,22000,24000,"list_cnv_geob_cheese","QQZM01059.1"
"59","g4177","g4177-T1","mRNA","QQZM01000059.1",12405,14282,"-","FRE3_2","ferric-chelate reductase",NA,"","","PF01794;PF08022;PF08030","IPR013112 FAD-binding 8;IPR013121 Ferric reductase, NAD binding domain;IPR013130 Ferric reductase transmembrane component-like domain;IPR017927 FAD-binding domain, ferredoxin reductase-type;IPR017938 Riboflavin synthase-like beta-barrel;IPR039261 Ferredoxin-NADP reductase (FNR), nucleotide-binding domain","ENOG503NUJC","P:(P) Inorganic ion transport and metabolism;Q:(Q) Secondary metabolites biosynthesis, transport and catabolism","GO_function: GO:0016491 - oxidoreductase activity [Evidence IEA]",NA,NA,"","","",12405,14282,59,12500,13500,"list_cnv_cheese_diff","QQZM01059.1"
"62",NA,NA,NA,NA,NA,NA,NA,NA,NA,NA,NA,NA,NA,NA,NA,NA,NA,NA,NA,NA,NA,NA,NA,NA,62,3000,4500,"list_cnv_geoc_other","QQZM01062.1"
"62",NA,NA,NA,NA,NA,NA,NA,NA,NA,NA,NA,NA,NA,NA,NA,NA,NA,NA,NA,NA,NA,NA,NA,NA,62,2500,4500,"list_cnv_cheese_diff","QQZM01062.1"
"63",NA,NA,NA,NA,NA,NA,NA,NA,NA,NA,NA,NA,NA,NA,NA,NA,NA,NA,NA,NA,NA,NA,NA,NA,63,500,1500,"list_cnv_geoc_other","QQZM01063.1"
"63",NA,NA,NA,NA,NA,NA,NA,NA,NA,NA,NA,NA,NA,NA,NA,NA,NA,NA,NA,NA,NA,NA,NA,NA,63,6500,8000,"list_cnv_geoc_other","QQZM01063.1"
"63",NA,NA,NA,NA,NA,NA,NA,NA,NA,NA,NA,NA,NA,NA,NA,NA,NA,NA,NA,NA,NA,NA,NA,NA,63,94500,95500,"list_cnv_geoc_other","QQZM01063.1"
"63",NA,NA,NA,NA,NA,NA,NA,NA,NA,NA,NA,NA,NA,NA,NA,NA,NA,NA,NA,NA,NA,NA,NA,NA,63,500,1500,"list_cnv_geob_cheese","QQZM01063.1"
"63",NA,NA,NA,NA,NA,NA,NA,NA,NA,NA,NA,NA,NA,NA,NA,NA,NA,NA,NA,NA,NA,NA,NA,NA,63,6500,8000,"list_cnv_geob_cheese","QQZM01063.1"
"63",NA,NA,NA,NA,NA,NA,NA,NA,NA,NA,NA,NA,NA,NA,NA,NA,NA,NA,NA,NA,NA,NA,NA,NA,63,18000,18500,"list_cnv_geob_cheese","QQZM01063.1"
"63",NA,NA,NA,NA,NA,NA,NA,NA,NA,NA,NA,NA,NA,NA,NA,NA,NA,NA,NA,NA,NA,NA,NA,NA,63,6500,8000,"list_cnv_cheese_diff","QQZM01063.1"
"63",NA,NA,NA,NA,NA,NA,NA,NA,NA,NA,NA,NA,NA,NA,NA,NA,NA,NA,NA,NA,NA,NA,NA,NA,63,16000,18500,"list_cnv_cheese_diff","QQZM01063.1"
"64",NA,NA,NA,NA,NA,NA,NA,NA,NA,NA,NA,NA,NA,NA,NA,NA,NA,NA,NA,NA,NA,NA,NA,NA,64,50000,51000,"list_cnv_cheese_diff","QQZM01064.1"
"66","g4509","g4509-T1","mRNA","QQZM01000066.1",18592,20271,"+","","hypothetical protein",NA,"3.5.1.4","","PF01425","IPR020556 Amidase, conserved site;IPR023631 Amidase signature domain;IPR036928 Amidase signature (AS) superfamily","ENOG503NTYP","I:(I) Lipid transport and metabolism;J:(J) Translation, ribosomal structure and biogenesis;T:(T) Signal transduction mechanisms","",NA,NA,"","","",18592,20271,66,18500,19000,"list_cnv_geoc_other","QQZM01066.1"
"66","g4509","g4509-T1","mRNA","QQZM01000066.1",18592,20271,"+","","hypothetical protein",NA,"3.5.1.4","","PF01425","IPR020556 Amidase, conserved site;IPR023631 Amidase signature domain;IPR036928 Amidase signature (AS) superfamily","ENOG503NTYP","I:(I) Lipid transport and metabolism;J:(J) Translation, ribosomal structure and biogenesis;T:(T) Signal transduction mechanisms","",NA,NA,"","","",18592,20271,66,18500,19000,"list_cnv_cheese_diff","QQZM01066.1"
"67",NA,NA,NA,NA,NA,NA,NA,NA,NA,NA,NA,NA,NA,NA,NA,NA,NA,NA,NA,NA,NA,NA,NA,NA,67,4000,9500,"list_cnv_geoc_other","QQZM01067.1"
"67",NA,NA,NA,NA,NA,NA,NA,NA,NA,NA,NA,NA,NA,NA,NA,NA,NA,NA,NA,NA,NA,NA,NA,NA,67,17000,17500,"list_cnv_geoc_other","QQZM01067.1"
"67",NA,NA,NA,NA,NA,NA,NA,NA,NA,NA,NA,NA,NA,NA,NA,NA,NA,NA,NA,NA,NA,NA,NA,NA,67,4000,5000,"list_cnv_geob_cheese","QQZM01067.1"
"67",NA,NA,NA,NA,NA,NA,NA,NA,NA,NA,NA,NA,NA,NA,NA,NA,NA,NA,NA,NA,NA,NA,NA,NA,67,15000,16000,"list_cnv_geob_cheese","QQZM01067.1"
"67",NA,NA,NA,NA,NA,NA,NA,NA,NA,NA,NA,NA,NA,NA,NA,NA,NA,NA,NA,NA,NA,NA,NA,NA,67,17000,17500,"list_cnv_geob_cheese","QQZM01067.1"
"67",NA,NA,NA,NA,NA,NA,NA,NA,NA,NA,NA,NA,NA,NA,NA,NA,NA,NA,NA,NA,NA,NA,NA,NA,67,4500,5000,"list_cnv_cheese_diff","QQZM01067.1"
"67",NA,NA,NA,NA,NA,NA,NA,NA,NA,NA,NA,NA,NA,NA,NA,NA,NA,NA,NA,NA,NA,NA,NA,NA,67,9500,10000,"list_cnv_cheese_diff","QQZM01067.1"
"67",NA,NA,NA,NA,NA,NA,NA,NA,NA,NA,NA,NA,NA,NA,NA,NA,NA,NA,NA,NA,NA,NA,NA,NA,67,17000,17500,"list_cnv_cheese_diff","QQZM01067.1"
"68",NA,NA,NA,NA,NA,NA,NA,NA,NA,NA,NA,NA,NA,NA,NA,NA,NA,NA,NA,NA,NA,NA,NA,NA,68,2500,3500,"list_cnv_geoc_other","QQZM01068.1"
"68",NA,NA,NA,NA,NA,NA,NA,NA,NA,NA,NA,NA,NA,NA,NA,NA,NA,NA,NA,NA,NA,NA,NA,NA,68,106500,109500,"list_cnv_geoc_other","QQZM01068.1"
"68",NA,NA,NA,NA,NA,NA,NA,NA,NA,NA,NA,NA,NA,NA,NA,NA,NA,NA,NA,NA,NA,NA,NA,NA,68,106500,109500,"list_cnv_geob_cheese","QQZM01068.1"
"68",NA,NA,NA,NA,NA,NA,NA,NA,NA,NA,NA,NA,NA,NA,NA,NA,NA,NA,NA,NA,NA,NA,NA,NA,68,2500,3500,"list_cnv_cheese_diff","QQZM01068.1"
"70",NA,NA,NA,NA,NA,NA,NA,NA,NA,NA,NA,NA,NA,NA,NA,NA,NA,NA,NA,NA,NA,NA,NA,NA,70,60500,61500,"list_cnv_geoc_other","QQZM01070.1"
"70","g4772","g4772-T1","mRNA","QQZM01000070.1",106120,108549,"+","","hypothetical protein",NA,"","","","","","","",NA,NA,"","","",106120,108549,70,106500,108000,"list_cnv_geoc_other","QQZM01070.1"
"70",NA,NA,NA,NA,NA,NA,NA,NA,NA,NA,NA,NA,NA,NA,NA,NA,NA,NA,NA,NA,NA,NA,NA,NA,70,60500,61500,"list_cnv_geob_cheese","QQZM01070.1"
"70",NA,NA,NA,NA,NA,NA,NA,NA,NA,NA,NA,NA,NA,NA,NA,NA,NA,NA,NA,NA,NA,NA,NA,NA,70,61000,61500,"list_cnv_cheese_diff","QQZM01070.1"
"70",NA,NA,NA,NA,NA,NA,NA,NA,NA,NA,NA,NA,NA,NA,NA,NA,NA,NA,NA,NA,NA,NA,NA,NA,70,105000,105500,"list_cnv_cheese_diff","QQZM01070.1"
"71","g4780","g4780-T1","mRNA","QQZM01000071.1",52152,58018,"+","MSB2_2","multicopy suppressor of a budding defect",NA,"","","","IPR039295 Signaling mucin MSB2","ENOG503P216","S:(S) Function unknown","GO_component: GO:0005887 - integral component of plasma membrane [Evidence IEA];GO_function: GO:0005034 - osmosensor activity [Evidence IEA];GO_process: GO:0007232 - osmosensory signaling pathway via Sho1 osmosensor [Evidence IEA]",NA,NA,"","","",52152,58018,71,53500,54500,"list_cnv_cheese_diff","QQZM01071.1"
"73",NA,NA,NA,NA,NA,NA,NA,NA,NA,NA,NA,NA,NA,NA,NA,NA,NA,NA,NA,NA,NA,NA,NA,NA,73,86500,87000,"list_cnv_geoc_other","QQZM01073.1"
"73",NA,NA,NA,NA,NA,NA,NA,NA,NA,NA,NA,NA,NA,NA,NA,NA,NA,NA,NA,NA,NA,NA,NA,NA,73,86000,86500,"list_cnv_geob_cheese","QQZM01073.1"
"73",NA,NA,NA,NA,NA,NA,NA,NA,NA,NA,NA,NA,NA,NA,NA,NA,NA,NA,NA,NA,NA,NA,NA,NA,73,500,1000,"list_cnv_cheese_diff","QQZM01073.1"
"73",NA,NA,NA,NA,NA,NA,NA,NA,NA,NA,NA,NA,NA,NA,NA,NA,NA,NA,NA,NA,NA,NA,NA,NA,73,2500,8500,"list_cnv_cheese_diff","QQZM01073.1"
"73",NA,NA,NA,NA,NA,NA,NA,NA,NA,NA,NA,NA,NA,NA,NA,NA,NA,NA,NA,NA,NA,NA,NA,NA,73,68500,70500,"list_cnv_cheese_diff","QQZM01073.1"
"73",NA,NA,NA,NA,NA,NA,NA,NA,NA,NA,NA,NA,NA,NA,NA,NA,NA,NA,NA,NA,NA,NA,NA,NA,73,84500,86500,"list_cnv_cheese_diff","QQZM01073.1"
"73","g4832","g4832-T1","mRNA","QQZM01000073.1",90016,90966,"+","","hypothetical protein",NA,"","","PF05368","IPR008030 NmrA-like domain;IPR036291 NAD(P)-binding domain superfamily","ENOG503NUP2","G:(G) Carbohydrate transport and metabolism;M:(M) Cell wall/membrane/envelope biogenesis","",NA,NA,"","","",90016,90966,73,87500,91000,"list_cnv_cheese_diff","QQZM01073.1"
"73","g4833","g4833-T1","mRNA","QQZM01000073.1",94758,95693,"+","","hypothetical protein",NA,"","","PF01036","IPR001425 Archaeal/bacterial/fungal rhodopsins;IPR043476 Yro2-like,  7TM domain","ENOG503NYUU","S:(S) Function unknown","GO_component: GO:0016020 - membrane [Evidence IEA];GO_function: GO:0005216 - ion channel activity [Evidence IEA];GO_process: GO:0006811 - ion transport [Evidence IEA]",NA,NA,"","","",94758,95693,73,92500,102000,"list_cnv_cheese_diff","QQZM01073.1"
"73","g4834","g4834-T1","mRNA","QQZM01000073.1",96997,98016,"-","GRP2_9","Glycine-rich RNA-binding protein 2, mitochondrial",NA,"1.1.1.283","","PF01073;PF01370","IPR001509 NAD-dependent epimerase/dehydratase;IPR036291 NAD(P)-binding domain superfamily","ENOG503NVWR","V:(V) Defense mechanisms","GO_function: GO:0003824 - catalytic activity [Evidence IEA]",NA,NA,"","","",96997,98016,73,92500,102000,"list_cnv_cheese_diff","QQZM01073.1"
"74",NA,NA,NA,NA,NA,NA,NA,NA,NA,NA,NA,NA,NA,NA,NA,NA,NA,NA,NA,NA,NA,NA,NA,NA,74,62500,63500,"list_cnv_geoc_other","QQZM01074.1"
"74",NA,NA,NA,NA,NA,NA,NA,NA,NA,NA,NA,NA,NA,NA,NA,NA,NA,NA,NA,NA,NA,NA,NA,NA,74,62500,63500,"list_cnv_geob_cheese","QQZM01074.1"
"74",NA,NA,NA,NA,NA,NA,NA,NA,NA,NA,NA,NA,NA,NA,NA,NA,NA,NA,NA,NA,NA,NA,NA,NA,74,74500,75000,"list_cnv_cheese_diff","QQZM01074.1"
"76",NA,NA,NA,NA,NA,NA,NA,NA,NA,NA,NA,NA,NA,NA,NA,NA,NA,NA,NA,NA,NA,NA,NA,NA,76,75000,75500,"list_cnv_geoc_other","QQZM01076.1"
"76",NA,NA,NA,NA,NA,NA,NA,NA,NA,NA,NA,NA,NA,NA,NA,NA,NA,NA,NA,NA,NA,NA,NA,NA,76,75000,75500,"list_cnv_geob_cheese","QQZM01076.1"
"77",NA,NA,NA,NA,NA,NA,NA,NA,NA,NA,NA,NA,NA,NA,NA,NA,NA,NA,NA,NA,NA,NA,NA,NA,77,500,1000,"list_cnv_geoc_other","QQZM01077.1"
"78",NA,NA,NA,NA,NA,NA,NA,NA,NA,NA,NA,NA,NA,NA,NA,NA,NA,NA,NA,NA,NA,NA,NA,NA,78,85500,86000,"list_cnv_geoc_other","QQZM01078.1"
"79",NA,NA,NA,NA,NA,NA,NA,NA,NA,NA,NA,NA,NA,NA,NA,NA,NA,NA,NA,NA,NA,NA,NA,NA,79,96000,97000,"list_cnv_cheese_diff","QQZM01079.1"
"80",NA,NA,NA,NA,NA,NA,NA,NA,NA,NA,NA,NA,NA,NA,NA,NA,NA,NA,NA,NA,NA,NA,NA,NA,80,12500,17500,"list_cnv_geoc_other","QQZM01080.1"
"80","g5112","g5112-T1","mRNA","QQZM01000080.1",18236,19573,"-","","hypothetical protein",NA,"","","PF00144","IPR001466 Beta-lactamase-related;IPR012338 Beta-lactamase/transpeptidase-like","ENOG503Q4S0","V:(V) Defense mechanisms","",NA,NA,"S12","","",18236,19573,80,18000,32500,"list_cnv_geoc_other","QQZM01080.1"
"80","g5113","g5113-T1","mRNA","QQZM01000080.1",28942,30294,"-","","hypothetical protein",NA,"","","PF00144","IPR001466 Beta-lactamase-related;IPR012338 Beta-lactamase/transpeptidase-like","ENOG503Q4S0","V:(V) Defense mechanisms","",NA,NA,"S12","","",28942,30294,80,18000,32500,"list_cnv_geoc_other","QQZM01080.1"
"80",NA,NA,NA,NA,NA,NA,NA,NA,NA,NA,NA,NA,NA,NA,NA,NA,NA,NA,NA,NA,NA,NA,NA,NA,80,78500,79500,"list_cnv_geoc_other","QQZM01080.1"
"80","g5112","g5112-T1","mRNA","QQZM01000080.1",18236,19573,"-","","hypothetical protein",NA,"","","PF00144","IPR001466 Beta-lactamase-related;IPR012338 Beta-lactamase/transpeptidase-like","ENOG503Q4S0","V:(V) Defense mechanisms","",NA,NA,"S12","","",18236,19573,80,12500,32500,"list_cnv_geob_cheese","QQZM01080.1"
"80","g5113","g5113-T1","mRNA","QQZM01000080.1",28942,30294,"-","","hypothetical protein",NA,"","","PF00144","IPR001466 Beta-lactamase-related;IPR012338 Beta-lactamase/transpeptidase-like","ENOG503Q4S0","V:(V) Defense mechanisms","",NA,NA,"S12","","",28942,30294,80,12500,32500,"list_cnv_geob_cheese","QQZM01080.1"
"80",NA,NA,NA,NA,NA,NA,NA,NA,NA,NA,NA,NA,NA,NA,NA,NA,NA,NA,NA,NA,NA,NA,NA,NA,80,78500,79500,"list_cnv_geob_cheese","QQZM01080.1"
"80",NA,NA,NA,NA,NA,NA,NA,NA,NA,NA,NA,NA,NA,NA,NA,NA,NA,NA,NA,NA,NA,NA,NA,NA,80,17000,17500,"list_cnv_cheese_diff","QQZM01080.1"
"80",NA,NA,NA,NA,NA,NA,NA,NA,NA,NA,NA,NA,NA,NA,NA,NA,NA,NA,NA,NA,NA,NA,NA,NA,80,21500,22000,"list_cnv_cheese_diff","QQZM01080.1"
"80",NA,NA,NA,NA,NA,NA,NA,NA,NA,NA,NA,NA,NA,NA,NA,NA,NA,NA,NA,NA,NA,NA,NA,NA,80,26000,26500,"list_cnv_cheese_diff","QQZM01080.1"
"81","g5137","g5137-T1","mRNA","QQZM01000081.1",18416,19100,"-","","hypothetical protein",NA,"","","","","","","",NA,NA,"","","",18416,19100,81,19000,21000,"list_cnv_cheese_diff","QQZM01081.1"
"82",NA,NA,NA,NA,NA,NA,NA,NA,NA,NA,NA,NA,NA,NA,NA,NA,NA,NA,NA,NA,NA,NA,NA,NA,82,5000,7500,"list_cnv_geoc_other","QQZM01082.1"
"82",NA,NA,NA,NA,NA,NA,NA,NA,NA,NA,NA,NA,NA,NA,NA,NA,NA,NA,NA,NA,NA,NA,NA,NA,82,23500,24500,"list_cnv_geoc_other","QQZM01082.1"
"82",NA,NA,NA,NA,NA,NA,NA,NA,NA,NA,NA,NA,NA,NA,NA,NA,NA,NA,NA,NA,NA,NA,NA,NA,82,23500,24500,"list_cnv_geob_cheese","QQZM01082.1"
"82",NA,NA,NA,NA,NA,NA,NA,NA,NA,NA,NA,NA,NA,NA,NA,NA,NA,NA,NA,NA,NA,NA,NA,NA,82,23500,24500,"list_cnv_cheese_diff","QQZM01082.1"
"83",NA,NA,NA,NA,NA,NA,NA,NA,NA,NA,NA,NA,NA,NA,NA,NA,NA,NA,NA,NA,NA,NA,NA,NA,83,20500,22000,"list_cnv_geoc_other","QQZM01083.1"
"83",NA,NA,NA,NA,NA,NA,NA,NA,NA,NA,NA,NA,NA,NA,NA,NA,NA,NA,NA,NA,NA,NA,NA,NA,83,22500,23000,"list_cnv_geoc_other","QQZM01083.1"
"83","g5186","g5186-T1","mRNA","QQZM01000083.1",26526,27008,"-","","hypothetical protein",NA,"","","PF03732;PF19259","IPR005162 Retrotransposon gag domain","ENOG503AT9W","S:(S) Function unknown","",NA,NA,"","","",26526,27008,83,24000,27500,"list_cnv_geoc_other","QQZM01083.1"
"83","g5186","g5186-T1","mRNA","QQZM01000083.1",26526,27008,"-","","hypothetical protein",NA,"","","PF03732;PF19259","IPR005162 Retrotransposon gag domain","ENOG503AT9W","S:(S) Function unknown","",NA,NA,"","","",26526,27008,83,23000,27500,"list_cnv_geob_cheese","QQZM01083.1"
"83",NA,NA,NA,NA,NA,NA,NA,NA,NA,NA,NA,NA,NA,NA,NA,NA,NA,NA,NA,NA,NA,NA,NA,NA,83,81500,82500,"list_cnv_geob_cheese","QQZM01083.1"
"83",NA,NA,NA,NA,NA,NA,NA,NA,NA,NA,NA,NA,NA,NA,NA,NA,NA,NA,NA,NA,NA,NA,NA,NA,83,22500,24000,"list_cnv_cheese_diff","QQZM01083.1"
"83","g5198","g5198-T1","mRNA","QQZM01000083.1",61265,62596,"+","","hypothetical protein",NA,"","","PF06991","IPR009730 Micro-fibrillar-associated protein 1, C-terminal;IPR033194 Microfibrillar-associated protein 1","ENOG503NZ8S","Z:(Z) Cytoskeleton","",NA,NA,"","","",61265,62596,83,61500,64500,"list_cnv_cheese_diff","QQZM01083.1"
"84","g5208","g5208-T1","mRNA","QQZM01000084.1",38929,42013,"+","","hypothetical protein",NA,"","","PF00628","IPR001965 Zinc finger, PHD-type;IPR011011 Zinc finger, FYVE/PHD-type;IPR013083 Zinc finger, RING/FYVE/PHD-type;IPR019786 Zinc finger, PHD-type, conserved site;IPR019787 Zinc finger, PHD-finger","ENOG503NXE4","S:(S) Function unknown","",NA,NA,"","","",38929,42013,84,40000,40500,"list_cnv_cheese_diff","QQZM01084.1"
"87",NA,NA,NA,NA,NA,NA,NA,NA,NA,NA,NA,NA,NA,NA,NA,NA,NA,NA,NA,NA,NA,NA,NA,NA,87,79500,80000,"list_cnv_geoc_other","QQZM01087.1"
"87",NA,NA,NA,NA,NA,NA,NA,NA,NA,NA,NA,NA,NA,NA,NA,NA,NA,NA,NA,NA,NA,NA,NA,NA,87,75500,76500,"list_cnv_cheese_diff","QQZM01087.1"
"87",NA,NA,NA,NA,NA,NA,NA,NA,NA,NA,NA,NA,NA,NA,NA,NA,NA,NA,NA,NA,NA,NA,NA,NA,87,78000,78500,"list_cnv_cheese_diff","QQZM01087.1"
"87",NA,NA,NA,NA,NA,NA,NA,NA,NA,NA,NA,NA,NA,NA,NA,NA,NA,NA,NA,NA,NA,NA,NA,NA,87,79500,80000,"list_cnv_cheese_diff","QQZM01087.1"
"88",NA,NA,NA,NA,NA,NA,NA,NA,NA,NA,NA,NA,NA,NA,NA,NA,NA,NA,NA,NA,NA,NA,NA,NA,88,14500,15000,"list_cnv_geoc_other","QQZM01088.1"
"88",NA,NA,NA,NA,NA,NA,NA,NA,NA,NA,NA,NA,NA,NA,NA,NA,NA,NA,NA,NA,NA,NA,NA,NA,88,16500,19000,"list_cnv_cheese_diff","QQZM01088.1"
"92",NA,NA,NA,NA,NA,NA,NA,NA,NA,NA,NA,NA,NA,NA,NA,NA,NA,NA,NA,NA,NA,NA,NA,NA,92,36000,37500,"list_cnv_geoc_other","QQZM01092.1"
"92","g5489","g5489-T1","mRNA","QQZM01000092.1",37650,38897,"-","","hypothetical protein",NA,"","","","IPR032675 Leucine-rich repeat domain superfamily","","","",NA,NA,"","","",37650,38897,92,38000,40500,"list_cnv_geoc_other","QQZM01092.1"
"92",NA,NA,NA,NA,NA,NA,NA,NA,NA,NA,NA,NA,NA,NA,NA,NA,NA,NA,NA,NA,NA,NA,NA,NA,92,36000,36500,"list_cnv_geob_cheese","QQZM01092.1"
"92","g5488","g5488-T1","mRNA","QQZM01000092.1",35134,35886,"-","","hypothetical protein",NA,"","","","","","","",NA,NA,"","","",35134,35886,92,35000,38000,"list_cnv_cheese_diff","QQZM01092.1"
"92","g5489","g5489-T1","mRNA","QQZM01000092.1",37650,38897,"-","","hypothetical protein",NA,"","","","IPR032675 Leucine-rich repeat domain superfamily","","","",NA,NA,"","","",37650,38897,92,35000,38000,"list_cnv_cheese_diff","QQZM01092.1"
"93",NA,NA,NA,NA,NA,NA,NA,NA,NA,NA,NA,NA,NA,NA,NA,NA,NA,NA,NA,NA,NA,NA,NA,NA,93,31500,32500,"list_cnv_geoc_other","QQZM01093.1"
"93",NA,NA,NA,NA,NA,NA,NA,NA,NA,NA,NA,NA,NA,NA,NA,NA,NA,NA,NA,NA,NA,NA,NA,NA,93,31500,32500,"list_cnv_geob_cheese","QQZM01093.1"
"94",NA,NA,NA,NA,NA,NA,NA,NA,NA,NA,NA,NA,NA,NA,NA,NA,NA,NA,NA,NA,NA,NA,NA,NA,94,1000,2500,"list_cnv_cheese_diff","QQZM01094.1"
"94",NA,NA,NA,NA,NA,NA,NA,NA,NA,NA,NA,NA,NA,NA,NA,NA,NA,NA,NA,NA,NA,NA,NA,NA,94,34500,35500,"list_cnv_cheese_diff","QQZM01094.1"
"96",NA,NA,NA,NA,NA,NA,NA,NA,NA,NA,NA,NA,NA,NA,NA,NA,NA,NA,NA,NA,NA,NA,NA,NA,96,7500,8000,"list_cnv_geob_cheese","QQZM01096.1"
"98",NA,NA,NA,NA,NA,NA,NA,NA,NA,NA,NA,NA,NA,NA,NA,NA,NA,NA,NA,NA,NA,NA,NA,NA,98,38500,40000,"list_cnv_geoc_other","QQZM01098.1"
"98","g5559","g5559-T1","mRNA","QQZM01000098.1",45025,49413,"-","","hypothetical protein",NA,"","","PF00665;PF07727;PF13976","IPR001584 Integrase, catalytic core;IPR001878 Zinc finger, CCHC-type;IPR012337 Ribonuclease H-like superfamily;IPR013103 Reverse transcriptase, RNA-dependent DNA polymerase;IPR025724 GAG-pre-integrase domain;IPR036397 Ribonuclease H superfamily;IPR043502 DNA/RNA polymerase superfamily","ENOG503NUZ7","L:(L) Replication, recombination and repair","GO_function: GO:0008270 - zinc ion binding [Evidence IEA];GO_function: GO:0003676 - nucleic acid binding [Evidence IEA];GO_process: GO:0015074 - DNA integration [Evidence IEA]",NA,NA,"","","",45025,49413,98,43500,49500,"list_cnv_geoc_other","QQZM01098.1"
"98",NA,NA,NA,NA,NA,NA,NA,NA,NA,NA,NA,NA,NA,NA,NA,NA,NA,NA,NA,NA,NA,NA,NA,NA,98,39000,40000,"list_cnv_geob_cheese","QQZM01098.1"
"98","g5559","g5559-T1","mRNA","QQZM01000098.1",45025,49413,"-","","hypothetical protein",NA,"","","PF00665;PF07727;PF13976","IPR001584 Integrase, catalytic core;IPR001878 Zinc finger, CCHC-type;IPR012337 Ribonuclease H-like superfamily;IPR013103 Reverse transcriptase, RNA-dependent DNA polymerase;IPR025724 GAG-pre-integrase domain;IPR036397 Ribonuclease H superfamily;IPR043502 DNA/RNA polymerase superfamily","ENOG503NUZ7","L:(L) Replication, recombination and repair","GO_function: GO:0008270 - zinc ion binding [Evidence IEA];GO_function: GO:0003676 - nucleic acid binding [Evidence IEA];GO_process: GO:0015074 - DNA integration [Evidence IEA]",NA,NA,"","","",45025,49413,98,43500,48500,"list_cnv_geob_cheese","QQZM01098.1"
"98",NA,NA,NA,NA,NA,NA,NA,NA,NA,NA,NA,NA,NA,NA,NA,NA,NA,NA,NA,NA,NA,NA,NA,NA,98,38500,39000,"list_cnv_cheese_diff","QQZM01098.1"
"98",NA,NA,NA,NA,NA,NA,NA,NA,NA,NA,NA,NA,NA,NA,NA,NA,NA,NA,NA,NA,NA,NA,NA,NA,98,43500,44500,"list_cnv_cheese_diff","QQZM01098.1"
"100","g406","g406-T1","mRNA","QQZM01000100.1",1,2496,"+","","hypothetical protein",NA,"","","PF05658","IPR008640 Trimeric autotransporter adhesin YadA-like, head domain;IPR011049 Serralysin-like metalloprotease, C-terminal","","","GO_component: GO:0019867 - outer membrane [Evidence IEA]",NA,NA,"","","",1,2496,100,1500,2000,"list_cnv_geoc_other","QQZM010100.1"
"100","g406","g406-T1","mRNA","QQZM01000100.1",1,2496,"+","","hypothetical protein",NA,"","","PF05658","IPR008640 Trimeric autotransporter adhesin YadA-like, head domain;IPR011049 Serralysin-like metalloprotease, C-terminal","","","GO_component: GO:0019867 - outer membrane [Evidence IEA]",NA,NA,"","","",1,2496,100,1500,2000,"list_cnv_geob_cheese","QQZM010100.1"
"100",NA,NA,NA,NA,NA,NA,NA,NA,NA,NA,NA,NA,NA,NA,NA,NA,NA,NA,NA,NA,NA,NA,NA,NA,100,36500,37500,"list_cnv_geob_cheese","QQZM010100.1"
"100","g406","g406-T1","mRNA","QQZM01000100.1",1,2496,"+","","hypothetical protein",NA,"","","PF05658","IPR008640 Trimeric autotransporter adhesin YadA-like, head domain;IPR011049 Serralysin-like metalloprotease, C-terminal","","","GO_component: GO:0019867 - outer membrane [Evidence IEA]",NA,NA,"","","",1,2496,100,1500,2500,"list_cnv_cheese_diff","QQZM010100.1"
"100",NA,NA,NA,NA,NA,NA,NA,NA,NA,NA,NA,NA,NA,NA,NA,NA,NA,NA,NA,NA,NA,NA,NA,NA,100,36500,37500,"list_cnv_cheese_diff","QQZM010100.1"
"100",NA,NA,NA,NA,NA,NA,NA,NA,NA,NA,NA,NA,NA,NA,NA,NA,NA,NA,NA,NA,NA,NA,NA,NA,100,38500,40000,"list_cnv_cheese_diff","QQZM010100.1"
"100",NA,NA,NA,NA,NA,NA,NA,NA,NA,NA,NA,NA,NA,NA,NA,NA,NA,NA,NA,NA,NA,NA,NA,NA,100,40500,42500,"list_cnv_cheese_diff","QQZM010100.1"
"102",NA,NA,NA,NA,NA,NA,NA,NA,NA,NA,NA,NA,NA,NA,NA,NA,NA,NA,NA,NA,NA,NA,NA,NA,102,42500,43500,"list_cnv_geob_cheese","QQZM010102.1"
"102",NA,NA,NA,NA,NA,NA,NA,NA,NA,NA,NA,NA,NA,NA,NA,NA,NA,NA,NA,NA,NA,NA,NA,NA,102,43000,43500,"list_cnv_cheese_diff","QQZM010102.1"
"104",NA,NA,NA,NA,NA,NA,NA,NA,NA,NA,NA,NA,NA,NA,NA,NA,NA,NA,NA,NA,NA,NA,NA,NA,104,39000,40000,"list_cnv_geoc_other","QQZM010104.1"
"104",NA,NA,NA,NA,NA,NA,NA,NA,NA,NA,NA,NA,NA,NA,NA,NA,NA,NA,NA,NA,NA,NA,NA,NA,104,39000,40000,"list_cnv_geob_cheese","QQZM010104.1"
"104",NA,NA,NA,NA,NA,NA,NA,NA,NA,NA,NA,NA,NA,NA,NA,NA,NA,NA,NA,NA,NA,NA,NA,NA,104,39000,40000,"list_cnv_cheese_diff","QQZM010104.1"
"107",NA,NA,NA,NA,NA,NA,NA,NA,NA,NA,NA,NA,NA,NA,NA,NA,NA,NA,NA,NA,NA,NA,NA,NA,107,37000,37500,"list_cnv_geoc_other","QQZM010107.1"
"107",NA,NA,NA,NA,NA,NA,NA,NA,NA,NA,NA,NA,NA,NA,NA,NA,NA,NA,NA,NA,NA,NA,NA,NA,107,37000,37500,"list_cnv_geob_cheese","QQZM010107.1"
"112",NA,NA,NA,NA,NA,NA,NA,NA,NA,NA,NA,NA,NA,NA,NA,NA,NA,NA,NA,NA,NA,NA,NA,NA,112,1500,2000,"list_cnv_geoc_other","QQZM010112.1"
"112",NA,NA,NA,NA,NA,NA,NA,NA,NA,NA,NA,NA,NA,NA,NA,NA,NA,NA,NA,NA,NA,NA,NA,NA,112,1500,2000,"list_cnv_geob_cheese","QQZM010112.1"
"113",NA,NA,NA,NA,NA,NA,NA,NA,NA,NA,NA,NA,NA,NA,NA,NA,NA,NA,NA,NA,NA,NA,NA,NA,113,4000,11000,"list_cnv_geoc_other","QQZM010113.1"
"113","g623","g623-T1","mRNA","QQZM01000113.1",15251,16798,"-","FHDC1","FH2 domain-containing protein 1",NA,"","","PF00665;PF13976","IPR001584 Integrase, catalytic core;IPR001878 Zinc finger, CCHC-type;IPR012337 Ribonuclease H-like superfamily;IPR025724 GAG-pre-integrase domain;IPR036397 Ribonuclease H superfamily","ENOG503BDNK","T:(T) Signal transduction mechanisms;Z:(Z) Cytoskeleton","GO_function: GO:0008270 - zinc ion binding [Evidence IEA];GO_function: GO:0003676 - nucleic acid binding [Evidence IEA];GO_process: GO:0015074 - DNA integration [Evidence IEA]",NA,NA,"","","",15251,16798,113,16500,22000,"list_cnv_geoc_other","QQZM010113.1"
"113",NA,NA,NA,NA,NA,NA,NA,NA,NA,NA,NA,NA,NA,NA,NA,NA,NA,NA,NA,NA,NA,NA,NA,NA,113,25000,26500,"list_cnv_geoc_other","QQZM010113.1"
"113",NA,NA,NA,NA,NA,NA,NA,NA,NA,NA,NA,NA,NA,NA,NA,NA,NA,NA,NA,NA,NA,NA,NA,NA,113,4000,11000,"list_cnv_geob_cheese","QQZM010113.1"
"113","g623","g623-T1","mRNA","QQZM01000113.1",15251,16798,"-","FHDC1","FH2 domain-containing protein 1",NA,"","","PF00665;PF13976","IPR001584 Integrase, catalytic core;IPR001878 Zinc finger, CCHC-type;IPR012337 Ribonuclease H-like superfamily;IPR025724 GAG-pre-integrase domain;IPR036397 Ribonuclease H superfamily","ENOG503BDNK","T:(T) Signal transduction mechanisms;Z:(Z) Cytoskeleton","GO_function: GO:0008270 - zinc ion binding [Evidence IEA];GO_function: GO:0003676 - nucleic acid binding [Evidence IEA];GO_process: GO:0015074 - DNA integration [Evidence IEA]",NA,NA,"","","",15251,16798,113,16500,22000,"list_cnv_geob_cheese","QQZM010113.1"
"113",NA,NA,NA,NA,NA,NA,NA,NA,NA,NA,NA,NA,NA,NA,NA,NA,NA,NA,NA,NA,NA,NA,NA,NA,113,4000,11000,"list_cnv_cheese_diff","QQZM010113.1"
"113","g623","g623-T1","mRNA","QQZM01000113.1",15251,16798,"-","FHDC1","FH2 domain-containing protein 1",NA,"","","PF00665;PF13976","IPR001584 Integrase, catalytic core;IPR001878 Zinc finger, CCHC-type;IPR012337 Ribonuclease H-like superfamily;IPR025724 GAG-pre-integrase domain;IPR036397 Ribonuclease H superfamily","ENOG503BDNK","T:(T) Signal transduction mechanisms;Z:(Z) Cytoskeleton","GO_function: GO:0008270 - zinc ion binding [Evidence IEA];GO_function: GO:0003676 - nucleic acid binding [Evidence IEA];GO_process: GO:0015074 - DNA integration [Evidence IEA]",NA,NA,"","","",15251,16798,113,16500,22000,"list_cnv_cheese_diff","QQZM010113.1"
"113",NA,NA,NA,NA,NA,NA,NA,NA,NA,NA,NA,NA,NA,NA,NA,NA,NA,NA,NA,NA,NA,NA,NA,NA,113,25000,27000,"list_cnv_cheese_diff","QQZM010113.1"
"114",NA,NA,NA,NA,NA,NA,NA,NA,NA,NA,NA,NA,NA,NA,NA,NA,NA,NA,NA,NA,NA,NA,NA,NA,114,5500,6500,"list_cnv_geoc_other","QQZM010114.1"
"114",NA,NA,NA,NA,NA,NA,NA,NA,NA,NA,NA,NA,NA,NA,NA,NA,NA,NA,NA,NA,NA,NA,NA,NA,114,5000,6500,"list_cnv_cheese_diff","QQZM010114.1"
"115",NA,NA,NA,NA,NA,NA,NA,NA,NA,NA,NA,NA,NA,NA,NA,NA,NA,NA,NA,NA,NA,NA,NA,NA,115,25000,26000,"list_cnv_geoc_other","QQZM010115.1"
"115",NA,NA,NA,NA,NA,NA,NA,NA,NA,NA,NA,NA,NA,NA,NA,NA,NA,NA,NA,NA,NA,NA,NA,NA,115,25000,26000,"list_cnv_geob_cheese","QQZM010115.1"
"115",NA,NA,NA,NA,NA,NA,NA,NA,NA,NA,NA,NA,NA,NA,NA,NA,NA,NA,NA,NA,NA,NA,NA,NA,115,24500,26000,"list_cnv_cheese_diff","QQZM010115.1"
"117",NA,NA,NA,NA,NA,NA,NA,NA,NA,NA,NA,NA,NA,NA,NA,NA,NA,NA,NA,NA,NA,NA,NA,NA,117,10000,10500,"list_cnv_geoc_other","QQZM010117.1"
"117",NA,NA,NA,NA,NA,NA,NA,NA,NA,NA,NA,NA,NA,NA,NA,NA,NA,NA,NA,NA,NA,NA,NA,NA,117,14000,17500,"list_cnv_geoc_other","QQZM010117.1"
"117",NA,NA,NA,NA,NA,NA,NA,NA,NA,NA,NA,NA,NA,NA,NA,NA,NA,NA,NA,NA,NA,NA,NA,NA,117,6500,8000,"list_cnv_geob_cheese","QQZM010117.1"
"117",NA,NA,NA,NA,NA,NA,NA,NA,NA,NA,NA,NA,NA,NA,NA,NA,NA,NA,NA,NA,NA,NA,NA,NA,117,17500,18500,"list_cnv_geob_cheese","QQZM010117.1"
"117",NA,NA,NA,NA,NA,NA,NA,NA,NA,NA,NA,NA,NA,NA,NA,NA,NA,NA,NA,NA,NA,NA,NA,NA,117,6500,10500,"list_cnv_cheese_diff","QQZM010117.1"
"117",NA,NA,NA,NA,NA,NA,NA,NA,NA,NA,NA,NA,NA,NA,NA,NA,NA,NA,NA,NA,NA,NA,NA,NA,117,17500,18500,"list_cnv_cheese_diff","QQZM010117.1"
"119",NA,NA,NA,NA,NA,NA,NA,NA,NA,NA,NA,NA,NA,NA,NA,NA,NA,NA,NA,NA,NA,NA,NA,NA,119,9500,10000,"list_cnv_geoc_other","QQZM010119.1"
"119",NA,NA,NA,NA,NA,NA,NA,NA,NA,NA,NA,NA,NA,NA,NA,NA,NA,NA,NA,NA,NA,NA,NA,NA,119,9500,10000,"list_cnv_geob_cheese","QQZM010119.1"
"121",NA,NA,NA,NA,NA,NA,NA,NA,NA,NA,NA,NA,NA,NA,NA,NA,NA,NA,NA,NA,NA,NA,NA,NA,121,10000,10500,"list_cnv_geoc_other","QQZM010121.1"
"121",NA,NA,NA,NA,NA,NA,NA,NA,NA,NA,NA,NA,NA,NA,NA,NA,NA,NA,NA,NA,NA,NA,NA,NA,121,10000,10500,"list_cnv_geob_cheese","QQZM010121.1"
"122",NA,NA,NA,NA,NA,NA,NA,NA,NA,NA,NA,NA,NA,NA,NA,NA,NA,NA,NA,NA,NA,NA,NA,NA,122,14500,15000,"list_cnv_geoc_other","QQZM010122.1"
"122",NA,NA,NA,NA,NA,NA,NA,NA,NA,NA,NA,NA,NA,NA,NA,NA,NA,NA,NA,NA,NA,NA,NA,NA,122,16500,19500,"list_cnv_geoc_other","QQZM010122.1"
"122","g768","g768-T1","mRNA","QQZM01000122.1",2260,3528,"-","","hypothetical protein",NA,"3.6.4.12","","PF05970;PF13245;PF13604","IPR003593 AAA+ ATPase domain;IPR003840 DNA helicase;IPR010285 DNA helicase Pif1-like;IPR027417 P-loop containing nucleoside triphosphate hydrolase","ENOG503BK87","L:(L) Replication, recombination and repair","GO_function: GO:0003678 - DNA helicase activity [Evidence IEA];GO_function: GO:0005524 - ATP binding [Evidence IEA];GO_function: GO:0004386 - helicase activity [Evidence IEA];GO_process: GO:0006281 - DNA repair [Evidence IEA];GO_process: GO:0000723 - telomere maintenance [Evidence IEA]",NA,NA,"","","",2260,3528,122,2000,2500,"list_cnv_geob_cheese","QQZM010122.1"
"122",NA,NA,NA,NA,NA,NA,NA,NA,NA,NA,NA,NA,NA,NA,NA,NA,NA,NA,NA,NA,NA,NA,NA,NA,122,14000,15500,"list_cnv_geob_cheese","QQZM010122.1"
"122",NA,NA,NA,NA,NA,NA,NA,NA,NA,NA,NA,NA,NA,NA,NA,NA,NA,NA,NA,NA,NA,NA,NA,NA,122,16500,19500,"list_cnv_geob_cheese","QQZM010122.1"
"122","g768","g768-T1","mRNA","QQZM01000122.1",2260,3528,"-","","hypothetical protein",NA,"3.6.4.12","","PF05970;PF13245;PF13604","IPR003593 AAA+ ATPase domain;IPR003840 DNA helicase;IPR010285 DNA helicase Pif1-like;IPR027417 P-loop containing nucleoside triphosphate hydrolase","ENOG503BK87","L:(L) Replication, recombination and repair","GO_function: GO:0003678 - DNA helicase activity [Evidence IEA];GO_function: GO:0005524 - ATP binding [Evidence IEA];GO_function: GO:0004386 - helicase activity [Evidence IEA];GO_process: GO:0006281 - DNA repair [Evidence IEA];GO_process: GO:0000723 - telomere maintenance [Evidence IEA]",NA,NA,"","","",2260,3528,122,2000,3000,"list_cnv_cheese_diff","QQZM010122.1"
"122",NA,NA,NA,NA,NA,NA,NA,NA,NA,NA,NA,NA,NA,NA,NA,NA,NA,NA,NA,NA,NA,NA,NA,NA,122,15500,16000,"list_cnv_cheese_diff","QQZM010122.1"
"123",NA,NA,NA,NA,NA,NA,NA,NA,NA,NA,NA,NA,NA,NA,NA,NA,NA,NA,NA,NA,NA,NA,NA,NA,123,9000,11000,"list_cnv_geoc_other","QQZM010123.1"
"123",NA,NA,NA,NA,NA,NA,NA,NA,NA,NA,NA,NA,NA,NA,NA,NA,NA,NA,NA,NA,NA,NA,NA,NA,123,9000,11000,"list_cnv_geob_cheese","QQZM010123.1"
"123",NA,NA,NA,NA,NA,NA,NA,NA,NA,NA,NA,NA,NA,NA,NA,NA,NA,NA,NA,NA,NA,NA,NA,NA,123,9000,9500,"list_cnv_cheese_diff","QQZM010123.1"
"127","g781","g781-T1","mRNA","QQZM01000127.1",2599,3627,"-","","hypothetical protein",NA,"","","","IPR021109 Aspartic peptidase domain superfamily;IPR043502 DNA/RNA polymerase superfamily","ENOG503NVKU","L:(L) Replication, recombination and repair","",NA,NA,"","","",2599,3627,127,3000,13000,"list_cnv_cheese_diff","QQZM010127.1"
"127","g782","g782-T1","mRNA","QQZM01000127.1",3870,4775,"-","","hypothetical protein",NA,"","","PF03732;PF19259","IPR005162 Retrotransposon gag domain","ENOG503P5F3","S:(S) Function unknown","",NA,NA,"","","",3870,4775,127,3000,13000,"list_cnv_cheese_diff","QQZM010127.1"
"127","g783","g783-T1","mRNA","QQZM01000127.1",12994,15077,"+","","hypothetical protein",NA,"","","PF07727","IPR013103 Reverse transcriptase, RNA-dependent DNA polymerase;IPR043502 DNA/RNA polymerase superfamily","ENOG503NUZ7","L:(L) Replication, recombination and repair","",NA,NA,"","","",12994,15077,127,3000,13000,"list_cnv_cheese_diff","QQZM010127.1"
