"scaffold";"chr";"begin";"end";"source";"scaffold_name"
1;1;29500;30500;"list_cnv_important";"QQZM01001.1"
1;1;566000;567000;"list_cnv_important";"QQZM01001.1"
1;1;732000;733500;"list_cnv_important";"QQZM01001.1"
1;1;769000;770500;"list_cnv_important";"QQZM01001.1"
1;1;29500;30500;"list_cnv_geoc_other";"QQZM01001.1"
1;1;566000;567000;"list_cnv_geoc_other";"QQZM01001.1"
1;1;732000;733500;"list_cnv_geoc_other";"QQZM01001.1"
1;1;769000;770500;"list_cnv_geoc_other";"QQZM01001.1"
1;1;29500;30500;"list_cnv_geob_cheese";"QQZM01001.1"
1;1;732000;733500;"list_cnv_geob_cheese";"QQZM01001.1"
1;1;769000;770500;"list_cnv_geob_cheese";"QQZM01001.1"
2;2;116500;117500;"list_cnv_important";"QQZM01002.1"
2;2;192500;193000;"list_cnv_important";"QQZM01002.1"
2;2;246500;247500;"list_cnv_important";"QQZM01002.1"
2;2;307000;308500;"list_cnv_important";"QQZM01002.1"
2;2;753000;753500;"list_cnv_important";"QQZM01002.1"
2;2;826000;827500;"list_cnv_important";"QQZM01002.1"
2;2;116500;117500;"list_cnv_geoc_other";"QQZM01002.1"
2;2;246500;247500;"list_cnv_geoc_other";"QQZM01002.1"
2;2;246500;247500;"list_cnv_geob_cheese";"QQZM01002.1"
2;2;192500;193000;"list_cnv_cheese_diff";"QQZM01002.1"
2;2;307000;308500;"list_cnv_cheese_diff";"QQZM01002.1"
2;2;753000;753500;"list_cnv_cheese_diff";"QQZM01002.1"
2;2;826000;827500;"list_cnv_cheese_diff";"QQZM01002.1"
3;3;67000;67500;"list_cnv_important";"QQZM01003.1"
3;3;500000;500500;"list_cnv_important";"QQZM01003.1"
3;3;67000;67500;"list_cnv_geoc_other";"QQZM01003.1"
3;3;500000;500500;"list_cnv_geoc_other";"QQZM01003.1"
3;3;67000;67500;"list_cnv_geob_cheese";"QQZM01003.1"
3;3;500000;500500;"list_cnv_geob_cheese";"QQZM01003.1"
4;4;388500;394500;"list_cnv_important";"QQZM01004.1"
4;4;509500;510500;"list_cnv_important";"QQZM01004.1"
4;4;569000;570000;"list_cnv_important";"QQZM01004.1"
4;4;388500;394500;"list_cnv_geoc_other";"QQZM01004.1"
4;4;509500;510000;"list_cnv_geoc_other";"QQZM01004.1"
4;4;569500;570000;"list_cnv_geoc_other";"QQZM01004.1"
4;4;509500;510000;"list_cnv_geob_cheese";"QQZM01004.1"
4;4;569500;570000;"list_cnv_geob_cheese";"QQZM01004.1"
4;4;509500;510500;"list_cnv_cheese_diff";"QQZM01004.1"
4;4;569000;569500;"list_cnv_cheese_diff";"QQZM01004.1"
5;5;102000;104500;"list_cnv_important";"QQZM01005.1"
5;5;187000;188000;"list_cnv_important";"QQZM01005.1"
5;5;333500;336000;"list_cnv_important";"QQZM01005.1"
5;5;556000;556500;"list_cnv_important";"QQZM01005.1"
5;5;566000;566500;"list_cnv_important";"QQZM01005.1"
5;5;574500;582000;"list_cnv_important";"QQZM01005.1"
5;5;102000;104000;"list_cnv_geoc_other";"QQZM01005.1"
5;5;187000;187500;"list_cnv_geoc_other";"QQZM01005.1"
5;5;333500;336000;"list_cnv_geoc_other";"QQZM01005.1"
5;5;556000;556500;"list_cnv_geoc_other";"QQZM01005.1"
5;5;566000;566500;"list_cnv_geoc_other";"QQZM01005.1"
5;5;574500;582000;"list_cnv_geoc_other";"QQZM01005.1"
5;5;103500;104000;"list_cnv_geob_cheese";"QQZM01005.1"
5;5;187000;187500;"list_cnv_geob_cheese";"QQZM01005.1"
5;5;333500;336000;"list_cnv_geob_cheese";"QQZM01005.1"
5;5;104000;104500;"list_cnv_cheese_diff";"QQZM01005.1"
5;5;187500;188000;"list_cnv_cheese_diff";"QQZM01005.1"
6;6;206500;208500;"list_cnv_important";"QQZM01006.1"
6;6;251000;252000;"list_cnv_important";"QQZM01006.1"
6;6;528500;529500;"list_cnv_important";"QQZM01006.1"
6;6;562000;563500;"list_cnv_important";"QQZM01006.1"
6;6;566000;569000;"list_cnv_important";"QQZM01006.1"
6;6;573000;574500;"list_cnv_important";"QQZM01006.1"
6;6;578000;579500;"list_cnv_important";"QQZM01006.1"
6;6;528500;529000;"list_cnv_geoc_other";"QQZM01006.1"
6;6;251000;251500;"list_cnv_geob_cheese";"QQZM01006.1"
6;6;528500;529000;"list_cnv_geob_cheese";"QQZM01006.1"
6;6;206500;208500;"list_cnv_cheese_diff";"QQZM01006.1"
6;6;251500;252000;"list_cnv_cheese_diff";"QQZM01006.1"
6;6;529000;529500;"list_cnv_cheese_diff";"QQZM01006.1"
6;6;563000;563500;"list_cnv_cheese_diff";"QQZM01006.1"
6;6;566000;569000;"list_cnv_cheese_diff";"QQZM01006.1"
6;6;573000;574500;"list_cnv_cheese_diff";"QQZM01006.1"
6;6;578000;579500;"list_cnv_cheese_diff";"QQZM01006.1"
7;7;59000;60000;"list_cnv_important";"QQZM01007.1"
7;7;111500;112000;"list_cnv_important";"QQZM01007.1"
7;7;121000;121500;"list_cnv_important";"QQZM01007.1"
7;7;415000;417000;"list_cnv_important";"QQZM01007.1"
7;7;59000;60000;"list_cnv_geoc_other";"QQZM01007.1"
7;7;415000;417000;"list_cnv_geoc_other";"QQZM01007.1"
7;7;59000;60000;"list_cnv_geob_cheese";"QQZM01007.1"
7;7;111500;112000;"list_cnv_geob_cheese";"QQZM01007.1"
7;7;415000;417000;"list_cnv_geob_cheese";"QQZM01007.1"
7;7;59000;60000;"list_cnv_cheese_diff";"QQZM01007.1"
7;7;121000;121500;"list_cnv_cheese_diff";"QQZM01007.1"
7;7;415000;415500;"list_cnv_cheese_diff";"QQZM01007.1"
7;7;416000;417000;"list_cnv_cheese_diff";"QQZM01007.1"
8;8;60500;61500;"list_cnv_important";"QQZM01008.1"
8;8;195500;196000;"list_cnv_important";"QQZM01008.1"
8;8;197000;198000;"list_cnv_important";"QQZM01008.1"
8;8;216000;218500;"list_cnv_important";"QQZM01008.1"
8;8;216000;218500;"list_cnv_geoc_other";"QQZM01008.1"
8;8;195500;196000;"list_cnv_geob_cheese";"QQZM01008.1"
8;8;197000;198000;"list_cnv_geob_cheese";"QQZM01008.1"
8;8;216000;216500;"list_cnv_geob_cheese";"QQZM01008.1"
8;8;217500;218000;"list_cnv_geob_cheese";"QQZM01008.1"
8;8;60500;61500;"list_cnv_cheese_diff";"QQZM01008.1"
8;8;216000;218500;"list_cnv_cheese_diff";"QQZM01008.1"
9;9;490000;508500;"list_cnv_important";"QQZM01009.1"
9;9;521500;522000;"list_cnv_important";"QQZM01009.1"
9;9;521500;522000;"list_cnv_geob_cheese";"QQZM01009.1"
9;9;490000;508500;"list_cnv_cheese_diff";"QQZM01009.1"
10;10;39500;40000;"list_cnv_important";"QQZM01010.1"
10;10;146500;149500;"list_cnv_important";"QQZM01010.1"
10;10;192000;192500;"list_cnv_important";"QQZM01010.1"
10;10;459500;462000;"list_cnv_important";"QQZM01010.1"
10;10;460000;462000;"list_cnv_geoc_other";"QQZM01010.1"
10;10;39500;40000;"list_cnv_cheese_diff";"QQZM01010.1"
10;10;146500;149500;"list_cnv_cheese_diff";"QQZM01010.1"
10;10;192000;192500;"list_cnv_cheese_diff";"QQZM01010.1"
10;10;459500;460000;"list_cnv_cheese_diff";"QQZM01010.1"
11;11;500;10500;"list_cnv_important";"QQZM01011.1"
11;11;180000;181000;"list_cnv_important";"QQZM01011.1"
11;11;259500;260000;"list_cnv_important";"QQZM01011.1"
11;11;259500;260000;"list_cnv_geoc_other";"QQZM01011.1"
11;11;4500;5000;"list_cnv_geob_cheese";"QQZM01011.1"
11;11;259500;260000;"list_cnv_geob_cheese";"QQZM01011.1"
11;11;500;10500;"list_cnv_cheese_diff";"QQZM01011.1"
11;11;180000;181000;"list_cnv_cheese_diff";"QQZM01011.1"
12;12;4500;5000;"list_cnv_important";"QQZM01012.1"
12;12;376500;377000;"list_cnv_important";"QQZM01012.1"
12;12;4500;5000;"list_cnv_geoc_other";"QQZM01012.1"
12;12;4500;5000;"list_cnv_geob_cheese";"QQZM01012.1"
12;12;376500;377000;"list_cnv_geob_cheese";"QQZM01012.1"
12;12;4500;5000;"list_cnv_cheese_diff";"QQZM01012.1"
12;12;376500;377000;"list_cnv_cheese_diff";"QQZM01012.1"
13;13;105500;106000;"list_cnv_important";"QQZM01013.1"
13;13;124000;125000;"list_cnv_important";"QQZM01013.1"
13;13;169000;176000;"list_cnv_important";"QQZM01013.1"
13;13;202500;204500;"list_cnv_important";"QQZM01013.1"
13;13;223500;225500;"list_cnv_important";"QQZM01013.1"
13;13;226500;227500;"list_cnv_important";"QQZM01013.1"
13;13;287000;288500;"list_cnv_important";"QQZM01013.1"
13;13;289500;290500;"list_cnv_important";"QQZM01013.1"
13;13;442500;443500;"list_cnv_important";"QQZM01013.1"
13;13;444500;445500;"list_cnv_important";"QQZM01013.1"
13;13;124000;124500;"list_cnv_geoc_other";"QQZM01013.1"
13;13;287000;288500;"list_cnv_geoc_other";"QQZM01013.1"
13;13;444500;445500;"list_cnv_geoc_other";"QQZM01013.1"
13;13;105500;106000;"list_cnv_geob_cheese";"QQZM01013.1"
13;13;124000;125000;"list_cnv_geob_cheese";"QQZM01013.1"
13;13;223500;225500;"list_cnv_geob_cheese";"QQZM01013.1"
13;13;444500;445000;"list_cnv_geob_cheese";"QQZM01013.1"
13;13;169000;176000;"list_cnv_cheese_diff";"QQZM01013.1"
13;13;202500;204500;"list_cnv_cheese_diff";"QQZM01013.1"
13;13;226500;227500;"list_cnv_cheese_diff";"QQZM01013.1"
13;13;289500;290500;"list_cnv_cheese_diff";"QQZM01013.1"
13;13;442500;443500;"list_cnv_cheese_diff";"QQZM01013.1"
13;13;445000;445500;"list_cnv_cheese_diff";"QQZM01013.1"
14;14;5500;12500;"list_cnv_important";"QQZM01014.1"
14;14;22500;33000;"list_cnv_important";"QQZM01014.1"
14;14;34000;37500;"list_cnv_important";"QQZM01014.1"
14;14;47500;48000;"list_cnv_important";"QQZM01014.1"
14;14;140500;151000;"list_cnv_important";"QQZM01014.1"
14;14;169000;170000;"list_cnv_important";"QQZM01014.1"
14;14;182000;185000;"list_cnv_important";"QQZM01014.1"
14;14;377500;379000;"list_cnv_important";"QQZM01014.1"
14;14;25000;26000;"list_cnv_geoc_other";"QQZM01014.1"
14;14;25000;26000;"list_cnv_geob_cheese";"QQZM01014.1"
14;14;5500;12500;"list_cnv_cheese_diff";"QQZM01014.1"
14;14;22500;25000;"list_cnv_cheese_diff";"QQZM01014.1"
14;14;26000;32500;"list_cnv_cheese_diff";"QQZM01014.1"
14;14;34000;37500;"list_cnv_cheese_diff";"QQZM01014.1"
14;14;47500;48000;"list_cnv_cheese_diff";"QQZM01014.1"
14;14;140500;151000;"list_cnv_cheese_diff";"QQZM01014.1"
14;14;169000;170000;"list_cnv_cheese_diff";"QQZM01014.1"
14;14;182000;185000;"list_cnv_cheese_diff";"QQZM01014.1"
14;14;377500;379000;"list_cnv_cheese_diff";"QQZM01014.1"
15;15;39000;40000;"list_cnv_important";"QQZM01015.1"
15;15;65000;68000;"list_cnv_important";"QQZM01015.1"
15;15;91500;92000;"list_cnv_important";"QQZM01015.1"
15;15;91500;92000;"list_cnv_geoc_other";"QQZM01015.1"
15;15;39000;40000;"list_cnv_cheese_diff";"QQZM01015.1"
15;15;65000;68000;"list_cnv_cheese_diff";"QQZM01015.1"
16;16;24000;25000;"list_cnv_important";"QQZM01016.1"
16;16;26000;37000;"list_cnv_important";"QQZM01016.1"
16;16;42000;45000;"list_cnv_important";"QQZM01016.1"
16;16;46000;47000;"list_cnv_important";"QQZM01016.1"
16;16;59000;60500;"list_cnv_important";"QQZM01016.1"
16;16;24000;25000;"list_cnv_geoc_other";"QQZM01016.1"
16;16;33000;34000;"list_cnv_geoc_other";"QQZM01016.1"
16;16;42000;43500;"list_cnv_geoc_other";"QQZM01016.1"
16;16;59000;60500;"list_cnv_geoc_other";"QQZM01016.1"
16;16;24000;25000;"list_cnv_geob_cheese";"QQZM01016.1"
16;16;42000;43500;"list_cnv_geob_cheese";"QQZM01016.1"
16;16;59000;60500;"list_cnv_geob_cheese";"QQZM01016.1"
16;16;24000;25000;"list_cnv_cheese_diff";"QQZM01016.1"
16;16;26000;37000;"list_cnv_cheese_diff";"QQZM01016.1"
16;16;43500;45000;"list_cnv_cheese_diff";"QQZM01016.1"
16;16;46000;47000;"list_cnv_cheese_diff";"QQZM01016.1"
17;17;157000;157500;"list_cnv_important";"QQZM01017.1"
17;17;157000;157500;"list_cnv_geob_cheese";"QQZM01017.1"
17;17;157000;157500;"list_cnv_cheese_diff";"QQZM01017.1"
18;18;31000;35000;"list_cnv_important";"QQZM01018.1"
18;18;86500;87000;"list_cnv_important";"QQZM01018.1"
18;18;110000;114500;"list_cnv_important";"QQZM01018.1"
18;18;313000;318000;"list_cnv_important";"QQZM01018.1"
18;18;86500;87000;"list_cnv_geoc_other";"QQZM01018.1"
18;18;110000;114500;"list_cnv_geoc_other";"QQZM01018.1"
18;18;313000;318000;"list_cnv_geoc_other";"QQZM01018.1"
18;18;86500;87000;"list_cnv_geob_cheese";"QQZM01018.1"
18;18;110000;111000;"list_cnv_geob_cheese";"QQZM01018.1"
18;18;313000;318000;"list_cnv_geob_cheese";"QQZM01018.1"
18;18;31000;35000;"list_cnv_cheese_diff";"QQZM01018.1"
18;18;114000;114500;"list_cnv_cheese_diff";"QQZM01018.1"
19;19;73500;75000;"list_cnv_important";"QQZM01019.1"
19;19;145500;147000;"list_cnv_important";"QQZM01019.1"
19;19;174500;176500;"list_cnv_important";"QQZM01019.1"
19;19;317000;317500;"list_cnv_important";"QQZM01019.1"
19;19;320500;324000;"list_cnv_important";"QQZM01019.1"
19;19;324500;328500;"list_cnv_important";"QQZM01019.1"
19;19;73500;75000;"list_cnv_geoc_other";"QQZM01019.1"
19;19;145500;147000;"list_cnv_geoc_other";"QQZM01019.1"
19;19;317000;317500;"list_cnv_geoc_other";"QQZM01019.1"
19;19;323000;324000;"list_cnv_geoc_other";"QQZM01019.1"
19;19;324500;327500;"list_cnv_geoc_other";"QQZM01019.1"
19;19;73500;74000;"list_cnv_geob_cheese";"QQZM01019.1"
19;19;326500;327500;"list_cnv_geob_cheese";"QQZM01019.1"
19;19;174500;176500;"list_cnv_cheese_diff";"QQZM01019.1"
19;19;326500;327500;"list_cnv_cheese_diff";"QQZM01019.1"
22;22;50500;51500;"list_cnv_important";"QQZM01022.1"
22;22;103000;103500;"list_cnv_important";"QQZM01022.1"
22;22;161000;163500;"list_cnv_important";"QQZM01022.1"
22;22;249000;250000;"list_cnv_important";"QQZM01022.1"
22;22;260500;261000;"list_cnv_important";"QQZM01022.1"
22;22;273500;274000;"list_cnv_important";"QQZM01022.1"
22;22;161000;163500;"list_cnv_geoc_other";"QQZM01022.1"
22;22;273500;274000;"list_cnv_geoc_other";"QQZM01022.1"
22;22;161000;163500;"list_cnv_geob_cheese";"QQZM01022.1"
22;22;260500;261000;"list_cnv_geob_cheese";"QQZM01022.1"
22;22;50500;51500;"list_cnv_cheese_diff";"QQZM01022.1"
22;22;103000;103500;"list_cnv_cheese_diff";"QQZM01022.1"
22;22;161000;161500;"list_cnv_cheese_diff";"QQZM01022.1"
22;22;163000;163500;"list_cnv_cheese_diff";"QQZM01022.1"
22;22;249000;250000;"list_cnv_cheese_diff";"QQZM01022.1"
22;22;260500;261000;"list_cnv_cheese_diff";"QQZM01022.1"
22;22;273500;274000;"list_cnv_cheese_diff";"QQZM01022.1"
23;23;280000;281000;"list_cnv_important";"QQZM01023.1"
23;23;282500;283500;"list_cnv_important";"QQZM01023.1"
23;23;285500;286500;"list_cnv_important";"QQZM01023.1"
23;23;289500;290000;"list_cnv_important";"QQZM01023.1"
23;23;282500;283500;"list_cnv_geoc_other";"QQZM01023.1"
23;23;285500;286500;"list_cnv_geoc_other";"QQZM01023.1"
23;23;289500;290000;"list_cnv_geoc_other";"QQZM01023.1"
23;23;282500;283500;"list_cnv_geob_cheese";"QQZM01023.1"
23;23;285500;286500;"list_cnv_geob_cheese";"QQZM01023.1"
23;23;289500;290000;"list_cnv_geob_cheese";"QQZM01023.1"
23;23;280000;281000;"list_cnv_cheese_diff";"QQZM01023.1"
23;23;282500;283500;"list_cnv_cheese_diff";"QQZM01023.1"
23;23;289500;290000;"list_cnv_cheese_diff";"QQZM01023.1"
24;24;39500;40000;"list_cnv_important";"QQZM01024.1"
24;24;39500;40000;"list_cnv_geoc_other";"QQZM01024.1"
24;24;39500;40000;"list_cnv_geob_cheese";"QQZM01024.1"
25;25;83000;83500;"list_cnv_important";"QQZM01025.1"
25;25;263500;264000;"list_cnv_important";"QQZM01025.1"
25;25;263500;264000;"list_cnv_geoc_other";"QQZM01025.1"
25;25;83000;83500;"list_cnv_cheese_diff";"QQZM01025.1"
26;26;79000;81000;"list_cnv_important";"QQZM01026.1"
26;26;106000;106500;"list_cnv_important";"QQZM01026.1"
26;26;106000;106500;"list_cnv_geoc_other";"QQZM01026.1"
26;26;106000;106500;"list_cnv_geob_cheese";"QQZM01026.1"
26;26;79000;81000;"list_cnv_cheese_diff";"QQZM01026.1"
27;27;3000;7000;"list_cnv_important";"QQZM01027.1"
27;27;8000;9000;"list_cnv_important";"QQZM01027.1"
27;27;99500;100500;"list_cnv_important";"QQZM01027.1"
27;27;109500;110000;"list_cnv_important";"QQZM01027.1"
27;27;111500;112000;"list_cnv_important";"QQZM01027.1"
27;27;239000;241000;"list_cnv_important";"QQZM01027.1"
27;27;278500;280500;"list_cnv_important";"QQZM01027.1"
27;27;111500;112000;"list_cnv_geoc_other";"QQZM01027.1"
27;27;279000;280500;"list_cnv_geoc_other";"QQZM01027.1"
27;27;99500;100500;"list_cnv_geob_cheese";"QQZM01027.1"
27;27;3000;7000;"list_cnv_cheese_diff";"QQZM01027.1"
27;27;8000;9000;"list_cnv_cheese_diff";"QQZM01027.1"
27;27;99500;100500;"list_cnv_cheese_diff";"QQZM01027.1"
27;27;109500;110000;"list_cnv_cheese_diff";"QQZM01027.1"
27;27;239000;241000;"list_cnv_cheese_diff";"QQZM01027.1"
27;27;278500;280500;"list_cnv_cheese_diff";"QQZM01027.1"
28;28;173500;175000;"list_cnv_important";"QQZM01028.1"
28;28;266500;267000;"list_cnv_important";"QQZM01028.1"
28;28;174000;174500;"list_cnv_geoc_other";"QQZM01028.1"
28;28;266500;267000;"list_cnv_geoc_other";"QQZM01028.1"
28;28;173500;174500;"list_cnv_geob_cheese";"QQZM01028.1"
28;28;266500;267000;"list_cnv_geob_cheese";"QQZM01028.1"
28;28;173500;175000;"list_cnv_cheese_diff";"QQZM01028.1"
28;28;266500;267000;"list_cnv_cheese_diff";"QQZM01028.1"
29;29;70000;71500;"list_cnv_important";"QQZM01029.1"
29;29;163000;164000;"list_cnv_important";"QQZM01029.1"
29;29;234500;235000;"list_cnv_important";"QQZM01029.1"
29;29;70000;71500;"list_cnv_geoc_other";"QQZM01029.1"
29;29;234500;235000;"list_cnv_geoc_other";"QQZM01029.1"
29;29;70000;71500;"list_cnv_geob_cheese";"QQZM01029.1"
29;29;163000;164000;"list_cnv_cheese_diff";"QQZM01029.1"
29;29;234500;235000;"list_cnv_cheese_diff";"QQZM01029.1"
30;30;60000;61000;"list_cnv_important";"QQZM01030.1"
30;30;252500;253500;"list_cnv_important";"QQZM01030.1"
30;30;60000;61000;"list_cnv_geoc_other";"QQZM01030.1"
30;30;252500;253500;"list_cnv_geoc_other";"QQZM01030.1"
30;30;60000;61000;"list_cnv_geob_cheese";"QQZM01030.1"
30;30;252500;253500;"list_cnv_geob_cheese";"QQZM01030.1"
30;30;60500;61000;"list_cnv_cheese_diff";"QQZM01030.1"
30;30;252500;253500;"list_cnv_cheese_diff";"QQZM01030.1"
31;31;184500;185000;"list_cnv_important";"QQZM01031.1"
32;32;15500;19500;"list_cnv_important";"QQZM01032.1"
32;32;20500;22000;"list_cnv_important";"QQZM01032.1"
32;32;34000;36000;"list_cnv_important";"QQZM01032.1"
32;32;99500;100500;"list_cnv_important";"QQZM01032.1"
32;32;15500;16000;"list_cnv_geob_cheese";"QQZM01032.1"
32;32;18000;18500;"list_cnv_geob_cheese";"QQZM01032.1"
32;32;34000;36000;"list_cnv_geob_cheese";"QQZM01032.1"
32;32;99500;100500;"list_cnv_geob_cheese";"QQZM01032.1"
32;32;15500;19500;"list_cnv_cheese_diff";"QQZM01032.1"
32;32;20500;22000;"list_cnv_cheese_diff";"QQZM01032.1"
32;32;34000;36000;"list_cnv_cheese_diff";"QQZM01032.1"
33;33;220000;221500;"list_cnv_important";"QQZM01033.1"
33;33;220000;221500;"list_cnv_geoc_other";"QQZM01033.1"
34;34;2500;9000;"list_cnv_important";"QQZM01034.1"
34;34;11500;12500;"list_cnv_important";"QQZM01034.1"
34;34;3000;5000;"list_cnv_geoc_other";"QQZM01034.1"
34;34;5500;7500;"list_cnv_geoc_other";"QQZM01034.1"
34;34;11500;12500;"list_cnv_geoc_other";"QQZM01034.1"
34;34;2500;7500;"list_cnv_geob_cheese";"QQZM01034.1"
34;34;11500;12000;"list_cnv_geob_cheese";"QQZM01034.1"
34;34;2500;3000;"list_cnv_cheese_diff";"QQZM01034.1"
34;34;4500;6000;"list_cnv_cheese_diff";"QQZM01034.1"
34;34;7000;9000;"list_cnv_cheese_diff";"QQZM01034.1"
34;34;12000;12500;"list_cnv_cheese_diff";"QQZM01034.1"
36;36;15500;16000;"list_cnv_important";"QQZM01036.1"
36;36;65500;66000;"list_cnv_important";"QQZM01036.1"
36;36;148500;149000;"list_cnv_important";"QQZM01036.1"
36;36;159000;159500;"list_cnv_important";"QQZM01036.1"
36;36;15500;16000;"list_cnv_geoc_other";"QQZM01036.1"
36;36;65500;66000;"list_cnv_geoc_other";"QQZM01036.1"
36;36;15500;16000;"list_cnv_geob_cheese";"QQZM01036.1"
36;36;15500;16000;"list_cnv_cheese_diff";"QQZM01036.1"
36;36;148500;149000;"list_cnv_cheese_diff";"QQZM01036.1"
36;36;159000;159500;"list_cnv_cheese_diff";"QQZM01036.1"
37;37;55500;57500;"list_cnv_important";"QQZM01037.1"
37;37;209500;211500;"list_cnv_important";"QQZM01037.1"
37;37;209500;211500;"list_cnv_geoc_other";"QQZM01037.1"
37;37;209500;211500;"list_cnv_geob_cheese";"QQZM01037.1"
37;37;55500;57500;"list_cnv_cheese_diff";"QQZM01037.1"
38;38;41500;42000;"list_cnv_important";"QQZM01038.1"
38;38;94500;99500;"list_cnv_important";"QQZM01038.1"
38;38;122500;123500;"list_cnv_important";"QQZM01038.1"
38;38;137500;138500;"list_cnv_important";"QQZM01038.1"
38;38;94500;96000;"list_cnv_geoc_other";"QQZM01038.1"
38;38;99000;99500;"list_cnv_geoc_other";"QQZM01038.1"
38;38;137500;138500;"list_cnv_geoc_other";"QQZM01038.1"
38;38;94500;95000;"list_cnv_geob_cheese";"QQZM01038.1"
38;38;122500;123000;"list_cnv_geob_cheese";"QQZM01038.1"
38;38;137500;138500;"list_cnv_geob_cheese";"QQZM01038.1"
38;38;41500;42000;"list_cnv_cheese_diff";"QQZM01038.1"
38;38;94500;99000;"list_cnv_cheese_diff";"QQZM01038.1"
38;38;122500;123500;"list_cnv_cheese_diff";"QQZM01038.1"
38;38;137500;138500;"list_cnv_cheese_diff";"QQZM01038.1"
40;40;137500;139000;"list_cnv_important";"QQZM01040.1"
40;40;146000;146500;"list_cnv_important";"QQZM01040.1"
40;40;203500;204000;"list_cnv_important";"QQZM01040.1"
40;40;146000;146500;"list_cnv_geob_cheese";"QQZM01040.1"
40;40;137500;139000;"list_cnv_cheese_diff";"QQZM01040.1"
40;40;203500;204000;"list_cnv_cheese_diff";"QQZM01040.1"
41;41;40500;41500;"list_cnv_important";"QQZM01041.1"
41;41;40500;41500;"list_cnv_geoc_other";"QQZM01041.1"
41;41;40500;41500;"list_cnv_geob_cheese";"QQZM01041.1"
41;41;40500;41000;"list_cnv_cheese_diff";"QQZM01041.1"
42;42;149500;151000;"list_cnv_important";"QQZM01042.1"
42;42;172500;173000;"list_cnv_important";"QQZM01042.1"
42;42;150000;150500;"list_cnv_geoc_other";"QQZM01042.1"
42;42;150000;150500;"list_cnv_geob_cheese";"QQZM01042.1"
42;42;149500;151000;"list_cnv_cheese_diff";"QQZM01042.1"
42;42;172500;173000;"list_cnv_cheese_diff";"QQZM01042.1"
44;44;56500;58000;"list_cnv_important";"QQZM01044.1"
44;44;92500;93500;"list_cnv_important";"QQZM01044.1"
44;44;189500;190000;"list_cnv_important";"QQZM01044.1"
44;44;56500;58000;"list_cnv_cheese_diff";"QQZM01044.1"
44;44;92500;93500;"list_cnv_cheese_diff";"QQZM01044.1"
44;44;189500;190000;"list_cnv_cheese_diff";"QQZM01044.1"
46;46;134000;135500;"list_cnv_important";"QQZM01046.1"
46;46;134000;135500;"list_cnv_geoc_other";"QQZM01046.1"
46;46;134000;135500;"list_cnv_geob_cheese";"QQZM01046.1"
46;46;134000;134500;"list_cnv_cheese_diff";"QQZM01046.1"
47;47;169000;176000;"list_cnv_important";"QQZM01047.1"
47;47;169000;176000;"list_cnv_cheese_diff";"QQZM01047.1"
48;48;29000;30000;"list_cnv_important";"QQZM01048.1"
48;48;144500;173000;"list_cnv_important";"QQZM01048.1"
48;48;173500;174000;"list_cnv_important";"QQZM01048.1"
48;48;29500;30000;"list_cnv_geoc_other";"QQZM01048.1"
48;48;161500;162500;"list_cnv_geoc_other";"QQZM01048.1"
48;48;29500;30000;"list_cnv_geob_cheese";"QQZM01048.1"
48;48;161500;162500;"list_cnv_geob_cheese";"QQZM01048.1"
48;48;164000;164500;"list_cnv_geob_cheese";"QQZM01048.1"
48;48;169500;170500;"list_cnv_geob_cheese";"QQZM01048.1"
48;48;29000;29500;"list_cnv_cheese_diff";"QQZM01048.1"
48;48;144500;161500;"list_cnv_cheese_diff";"QQZM01048.1"
48;48;162500;171000;"list_cnv_cheese_diff";"QQZM01048.1"
48;48;173500;174000;"list_cnv_cheese_diff";"QQZM01048.1"
49;49;1000;2000;"list_cnv_important";"QQZM01049.1"
49;49;110500;115000;"list_cnv_important";"QQZM01049.1"
49;49;1000;2000;"list_cnv_geoc_other";"QQZM01049.1"
49;49;111000;112000;"list_cnv_geoc_other";"QQZM01049.1"
49;49;1000;2000;"list_cnv_geob_cheese";"QQZM01049.1"
49;49;112000;113000;"list_cnv_geob_cheese";"QQZM01049.1"
49;49;1500;2000;"list_cnv_cheese_diff";"QQZM01049.1"
49;49;110500;111000;"list_cnv_cheese_diff";"QQZM01049.1"
49;49;112000;115000;"list_cnv_cheese_diff";"QQZM01049.1"
50;50;169500;170000;"list_cnv_important";"QQZM01050.1"
50;50;171000;171500;"list_cnv_important";"QQZM01050.1"
50;50;169500;170000;"list_cnv_cheese_diff";"QQZM01050.1"
50;50;171000;171500;"list_cnv_cheese_diff";"QQZM01050.1"
52;52;1500;3000;"list_cnv_important";"QQZM01052.1"
52;52;58500;60000;"list_cnv_important";"QQZM01052.1"
52;52;99000;100500;"list_cnv_important";"QQZM01052.1"
52;52;1500;2500;"list_cnv_geoc_other";"QQZM01052.1"
52;52;99000;100500;"list_cnv_geoc_other";"QQZM01052.1"
52;52;99000;100500;"list_cnv_geob_cheese";"QQZM01052.1"
52;52;2500;3000;"list_cnv_cheese_diff";"QQZM01052.1"
52;52;58500;60000;"list_cnv_cheese_diff";"QQZM01052.1"
53;53;12000;13000;"list_cnv_important";"QQZM01053.1"
53;53;20500;22000;"list_cnv_important";"QQZM01053.1"
53;53;22500;23000;"list_cnv_important";"QQZM01053.1"
53;53;23500;24000;"list_cnv_important";"QQZM01053.1"
53;53;70500;71000;"list_cnv_important";"QQZM01053.1"
53;53;77500;78500;"list_cnv_important";"QQZM01053.1"
53;53;12000;13000;"list_cnv_geoc_other";"QQZM01053.1"
53;53;20500;22000;"list_cnv_geoc_other";"QQZM01053.1"
53;53;12000;13000;"list_cnv_geob_cheese";"QQZM01053.1"
53;53;20500;22000;"list_cnv_geob_cheese";"QQZM01053.1"
53;53;12000;13000;"list_cnv_cheese_diff";"QQZM01053.1"
53;53;22500;23000;"list_cnv_cheese_diff";"QQZM01053.1"
53;53;23500;24000;"list_cnv_cheese_diff";"QQZM01053.1"
53;53;70500;71000;"list_cnv_cheese_diff";"QQZM01053.1"
53;53;77500;78500;"list_cnv_cheese_diff";"QQZM01053.1"
54;54;144000;146000;"list_cnv_important";"QQZM01054.1"
54;54;144000;146000;"list_cnv_geoc_other";"QQZM01054.1"
54;54;144000;146000;"list_cnv_geob_cheese";"QQZM01054.1"
55;55;49000;50000;"list_cnv_important";"QQZM01055.1"
55;55;67500;68500;"list_cnv_important";"QQZM01055.1"
55;55;97000;98000;"list_cnv_important";"QQZM01055.1"
55;55;67500;68500;"list_cnv_geoc_other";"QQZM01055.1"
55;55;97000;98000;"list_cnv_geoc_other";"QQZM01055.1"
55;55;49000;50000;"list_cnv_cheese_diff";"QQZM01055.1"
55;55;67500;68000;"list_cnv_cheese_diff";"QQZM01055.1"
55;55;97500;98000;"list_cnv_cheese_diff";"QQZM01055.1"
56;56;81500;82500;"list_cnv_important";"QQZM01056.1"
56;56;83000;96500;"list_cnv_important";"QQZM01056.1"
56;56;81500;82500;"list_cnv_geoc_other";"QQZM01056.1"
56;56;82000;82500;"list_cnv_geob_cheese";"QQZM01056.1"
56;56;84000;93500;"list_cnv_geob_cheese";"QQZM01056.1"
56;56;94500;96500;"list_cnv_geob_cheese";"QQZM01056.1"
56;56;81500;82500;"list_cnv_cheese_diff";"QQZM01056.1"
56;56;83000;96000;"list_cnv_cheese_diff";"QQZM01056.1"
57;57;110500;112000;"list_cnv_important";"QQZM01057.1"
57;57;110500;112000;"list_cnv_geoc_other";"QQZM01057.1"
57;57;110500;112000;"list_cnv_geob_cheese";"QQZM01057.1"
57;57;111000;111500;"list_cnv_cheese_diff";"QQZM01057.1"
58;58;8500;9000;"list_cnv_important";"QQZM01058.1"
58;58;8500;9000;"list_cnv_cheese_diff";"QQZM01058.1"
59;59;12500;13500;"list_cnv_important";"QQZM01059.1"
59;59;22000;24000;"list_cnv_important";"QQZM01059.1"
59;59;12500;13500;"list_cnv_geoc_other";"QQZM01059.1"
59;59;22000;24000;"list_cnv_geoc_other";"QQZM01059.1"
59;59;22000;24000;"list_cnv_geob_cheese";"QQZM01059.1"
59;59;12500;13500;"list_cnv_cheese_diff";"QQZM01059.1"
62;62;2500;4500;"list_cnv_important";"QQZM01062.1"
62;62;3000;4500;"list_cnv_geoc_other";"QQZM01062.1"
62;62;2500;4500;"list_cnv_cheese_diff";"QQZM01062.1"
63;63;500;1500;"list_cnv_important";"QQZM01063.1"
63;63;6500;8000;"list_cnv_important";"QQZM01063.1"
63;63;16000;18500;"list_cnv_important";"QQZM01063.1"
63;63;94500;95500;"list_cnv_important";"QQZM01063.1"
63;63;500;1500;"list_cnv_geoc_other";"QQZM01063.1"
63;63;6500;8000;"list_cnv_geoc_other";"QQZM01063.1"
63;63;94500;95500;"list_cnv_geoc_other";"QQZM01063.1"
63;63;500;1500;"list_cnv_geob_cheese";"QQZM01063.1"
63;63;6500;8000;"list_cnv_geob_cheese";"QQZM01063.1"
63;63;18000;18500;"list_cnv_geob_cheese";"QQZM01063.1"
63;63;6500;8000;"list_cnv_cheese_diff";"QQZM01063.1"
63;63;16000;18500;"list_cnv_cheese_diff";"QQZM01063.1"
64;64;50000;51000;"list_cnv_important";"QQZM01064.1"
64;64;50000;51000;"list_cnv_cheese_diff";"QQZM01064.1"
66;66;18500;19000;"list_cnv_important";"QQZM01066.1"
66;66;18500;19000;"list_cnv_geoc_other";"QQZM01066.1"
66;66;18500;19000;"list_cnv_cheese_diff";"QQZM01066.1"
67;67;4000;10000;"list_cnv_important";"QQZM01067.1"
67;67;15000;16000;"list_cnv_important";"QQZM01067.1"
67;67;17000;17500;"list_cnv_important";"QQZM01067.1"
67;67;4000;9500;"list_cnv_geoc_other";"QQZM01067.1"
67;67;17000;17500;"list_cnv_geoc_other";"QQZM01067.1"
67;67;4000;5000;"list_cnv_geob_cheese";"QQZM01067.1"
67;67;15000;16000;"list_cnv_geob_cheese";"QQZM01067.1"
67;67;17000;17500;"list_cnv_geob_cheese";"QQZM01067.1"
67;67;4500;5000;"list_cnv_cheese_diff";"QQZM01067.1"
67;67;9500;10000;"list_cnv_cheese_diff";"QQZM01067.1"
67;67;17000;17500;"list_cnv_cheese_diff";"QQZM01067.1"
68;68;2500;3500;"list_cnv_important";"QQZM01068.1"
68;68;106500;109500;"list_cnv_important";"QQZM01068.1"
68;68;2500;3500;"list_cnv_geoc_other";"QQZM01068.1"
68;68;106500;109500;"list_cnv_geoc_other";"QQZM01068.1"
68;68;106500;109500;"list_cnv_geob_cheese";"QQZM01068.1"
68;68;2500;3500;"list_cnv_cheese_diff";"QQZM01068.1"
70;70;60500;61500;"list_cnv_important";"QQZM01070.1"
70;70;105000;105500;"list_cnv_important";"QQZM01070.1"
70;70;106500;108000;"list_cnv_important";"QQZM01070.1"
70;70;60500;61500;"list_cnv_geoc_other";"QQZM01070.1"
70;70;106500;108000;"list_cnv_geoc_other";"QQZM01070.1"
70;70;60500;61500;"list_cnv_geob_cheese";"QQZM01070.1"
70;70;61000;61500;"list_cnv_cheese_diff";"QQZM01070.1"
70;70;105000;105500;"list_cnv_cheese_diff";"QQZM01070.1"
71;71;53500;54500;"list_cnv_important";"QQZM01071.1"
71;71;53500;54500;"list_cnv_cheese_diff";"QQZM01071.1"
73;73;500;1000;"list_cnv_important";"QQZM01073.1"
73;73;2500;8500;"list_cnv_important";"QQZM01073.1"
73;73;68500;70500;"list_cnv_important";"QQZM01073.1"
73;73;84500;87000;"list_cnv_important";"QQZM01073.1"
73;73;87500;91000;"list_cnv_important";"QQZM01073.1"
73;73;92500;102000;"list_cnv_important";"QQZM01073.1"
73;73;86500;87000;"list_cnv_geoc_other";"QQZM01073.1"
73;73;86000;86500;"list_cnv_geob_cheese";"QQZM01073.1"
73;73;500;1000;"list_cnv_cheese_diff";"QQZM01073.1"
73;73;2500;8500;"list_cnv_cheese_diff";"QQZM01073.1"
73;73;68500;70500;"list_cnv_cheese_diff";"QQZM01073.1"
73;73;84500;86500;"list_cnv_cheese_diff";"QQZM01073.1"
73;73;87500;91000;"list_cnv_cheese_diff";"QQZM01073.1"
73;73;92500;102000;"list_cnv_cheese_diff";"QQZM01073.1"
74;74;62500;63500;"list_cnv_important";"QQZM01074.1"
74;74;74500;75000;"list_cnv_important";"QQZM01074.1"
74;74;62500;63500;"list_cnv_geoc_other";"QQZM01074.1"
74;74;62500;63500;"list_cnv_geob_cheese";"QQZM01074.1"
74;74;74500;75000;"list_cnv_cheese_diff";"QQZM01074.1"
76;76;75000;75500;"list_cnv_important";"QQZM01076.1"
76;76;75000;75500;"list_cnv_geoc_other";"QQZM01076.1"
76;76;75000;75500;"list_cnv_geob_cheese";"QQZM01076.1"
77;77;500;1000;"list_cnv_important";"QQZM01077.1"
77;77;500;1000;"list_cnv_geoc_other";"QQZM01077.1"
78;78;85500;86000;"list_cnv_important";"QQZM01078.1"
78;78;85500;86000;"list_cnv_geoc_other";"QQZM01078.1"
79;79;96000;97000;"list_cnv_important";"QQZM01079.1"
79;79;96000;97000;"list_cnv_cheese_diff";"QQZM01079.1"
80;80;12500;32500;"list_cnv_important";"QQZM01080.1"
80;80;78500;79500;"list_cnv_important";"QQZM01080.1"
80;80;12500;17500;"list_cnv_geoc_other";"QQZM01080.1"
80;80;18000;32500;"list_cnv_geoc_other";"QQZM01080.1"
80;80;78500;79500;"list_cnv_geoc_other";"QQZM01080.1"
80;80;12500;32500;"list_cnv_geob_cheese";"QQZM01080.1"
80;80;78500;79500;"list_cnv_geob_cheese";"QQZM01080.1"
80;80;17000;17500;"list_cnv_cheese_diff";"QQZM01080.1"
80;80;21500;22000;"list_cnv_cheese_diff";"QQZM01080.1"
80;80;26000;26500;"list_cnv_cheese_diff";"QQZM01080.1"
81;81;19000;21000;"list_cnv_important";"QQZM01081.1"
81;81;19000;21000;"list_cnv_cheese_diff";"QQZM01081.1"
82;82;5000;7500;"list_cnv_important";"QQZM01082.1"
82;82;23500;24500;"list_cnv_important";"QQZM01082.1"
82;82;5000;7500;"list_cnv_geoc_other";"QQZM01082.1"
82;82;23500;24500;"list_cnv_geoc_other";"QQZM01082.1"
82;82;23500;24500;"list_cnv_geob_cheese";"QQZM01082.1"
82;82;23500;24500;"list_cnv_cheese_diff";"QQZM01082.1"
83;83;20500;22000;"list_cnv_important";"QQZM01083.1"
83;83;22500;27500;"list_cnv_important";"QQZM01083.1"
83;83;61500;64500;"list_cnv_important";"QQZM01083.1"
83;83;81500;82500;"list_cnv_important";"QQZM01083.1"
83;83;20500;22000;"list_cnv_geoc_other";"QQZM01083.1"
83;83;22500;23000;"list_cnv_geoc_other";"QQZM01083.1"
83;83;24000;27500;"list_cnv_geoc_other";"QQZM01083.1"
83;83;23000;27500;"list_cnv_geob_cheese";"QQZM01083.1"
83;83;81500;82500;"list_cnv_geob_cheese";"QQZM01083.1"
83;83;22500;24000;"list_cnv_cheese_diff";"QQZM01083.1"
83;83;61500;64500;"list_cnv_cheese_diff";"QQZM01083.1"
84;84;40000;40500;"list_cnv_important";"QQZM01084.1"
84;84;40000;40500;"list_cnv_cheese_diff";"QQZM01084.1"
87;87;75500;76500;"list_cnv_important";"QQZM01087.1"
87;87;78000;78500;"list_cnv_important";"QQZM01087.1"
87;87;79500;80000;"list_cnv_important";"QQZM01087.1"
87;87;79500;80000;"list_cnv_geoc_other";"QQZM01087.1"
87;87;75500;76500;"list_cnv_cheese_diff";"QQZM01087.1"
87;87;78000;78500;"list_cnv_cheese_diff";"QQZM01087.1"
87;87;79500;80000;"list_cnv_cheese_diff";"QQZM01087.1"
88;88;14500;15000;"list_cnv_important";"QQZM01088.1"
88;88;16500;19000;"list_cnv_important";"QQZM01088.1"
88;88;14500;15000;"list_cnv_geoc_other";"QQZM01088.1"
88;88;16500;19000;"list_cnv_cheese_diff";"QQZM01088.1"
92;92;35000;40500;"list_cnv_important";"QQZM01092.1"
92;92;36000;37500;"list_cnv_geoc_other";"QQZM01092.1"
92;92;38000;40500;"list_cnv_geoc_other";"QQZM01092.1"
92;92;36000;36500;"list_cnv_geob_cheese";"QQZM01092.1"
92;92;35000;38000;"list_cnv_cheese_diff";"QQZM01092.1"
93;93;31500;32500;"list_cnv_important";"QQZM01093.1"
93;93;31500;32500;"list_cnv_geoc_other";"QQZM01093.1"
93;93;31500;32500;"list_cnv_geob_cheese";"QQZM01093.1"
94;94;1000;2500;"list_cnv_important";"QQZM01094.1"
94;94;34500;35500;"list_cnv_important";"QQZM01094.1"
94;94;1000;2500;"list_cnv_cheese_diff";"QQZM01094.1"
94;94;34500;35500;"list_cnv_cheese_diff";"QQZM01094.1"
96;96;7500;8000;"list_cnv_important";"QQZM01096.1"
96;96;7500;8000;"list_cnv_geob_cheese";"QQZM01096.1"
98;98;38500;40000;"list_cnv_important";"QQZM01098.1"
98;98;43500;49500;"list_cnv_important";"QQZM01098.1"
98;98;38500;40000;"list_cnv_geoc_other";"QQZM01098.1"
98;98;43500;49500;"list_cnv_geoc_other";"QQZM01098.1"
98;98;39000;40000;"list_cnv_geob_cheese";"QQZM01098.1"
98;98;43500;48500;"list_cnv_geob_cheese";"QQZM01098.1"
98;98;38500;39000;"list_cnv_cheese_diff";"QQZM01098.1"
98;98;43500;44500;"list_cnv_cheese_diff";"QQZM01098.1"
100;100;1500;2500;"list_cnv_important";"QQZM010100.1"
100;100;36500;37500;"list_cnv_important";"QQZM010100.1"
100;100;38500;40000;"list_cnv_important";"QQZM010100.1"
100;100;40500;42500;"list_cnv_important";"QQZM010100.1"
100;100;1500;2000;"list_cnv_geoc_other";"QQZM010100.1"
100;100;1500;2000;"list_cnv_geob_cheese";"QQZM010100.1"
100;100;36500;37500;"list_cnv_geob_cheese";"QQZM010100.1"
100;100;1500;2500;"list_cnv_cheese_diff";"QQZM010100.1"
100;100;36500;37500;"list_cnv_cheese_diff";"QQZM010100.1"
100;100;38500;40000;"list_cnv_cheese_diff";"QQZM010100.1"
100;100;40500;42500;"list_cnv_cheese_diff";"QQZM010100.1"
102;102;42500;43500;"list_cnv_important";"QQZM010102.1"
102;102;42500;43500;"list_cnv_geob_cheese";"QQZM010102.1"
102;102;43000;43500;"list_cnv_cheese_diff";"QQZM010102.1"
104;104;39000;40000;"list_cnv_important";"QQZM010104.1"
104;104;39000;40000;"list_cnv_geoc_other";"QQZM010104.1"
104;104;39000;40000;"list_cnv_geob_cheese";"QQZM010104.1"
104;104;39000;40000;"list_cnv_cheese_diff";"QQZM010104.1"
107;107;37000;37500;"list_cnv_important";"QQZM010107.1"
107;107;37000;37500;"list_cnv_geoc_other";"QQZM010107.1"
107;107;37000;37500;"list_cnv_geob_cheese";"QQZM010107.1"
112;112;1500;2000;"list_cnv_important";"QQZM010112.1"
112;112;1500;2000;"list_cnv_geoc_other";"QQZM010112.1"
112;112;1500;2000;"list_cnv_geob_cheese";"QQZM010112.1"
113;113;4000;11000;"list_cnv_important";"QQZM010113.1"
113;113;16500;22000;"list_cnv_important";"QQZM010113.1"
113;113;25000;27000;"list_cnv_important";"QQZM010113.1"
113;113;4000;11000;"list_cnv_geoc_other";"QQZM010113.1"
113;113;16500;22000;"list_cnv_geoc_other";"QQZM010113.1"
113;113;25000;26500;"list_cnv_geoc_other";"QQZM010113.1"
113;113;4000;11000;"list_cnv_geob_cheese";"QQZM010113.1"
113;113;16500;22000;"list_cnv_geob_cheese";"QQZM010113.1"
113;113;4000;11000;"list_cnv_cheese_diff";"QQZM010113.1"
113;113;16500;22000;"list_cnv_cheese_diff";"QQZM010113.1"
113;113;25000;27000;"list_cnv_cheese_diff";"QQZM010113.1"
114;114;5000;6500;"list_cnv_important";"QQZM010114.1"
114;114;5500;6500;"list_cnv_geoc_other";"QQZM010114.1"
114;114;5000;6500;"list_cnv_cheese_diff";"QQZM010114.1"
115;115;24500;26000;"list_cnv_important";"QQZM010115.1"
115;115;25000;26000;"list_cnv_geoc_other";"QQZM010115.1"
115;115;25000;26000;"list_cnv_geob_cheese";"QQZM010115.1"
115;115;24500;26000;"list_cnv_cheese_diff";"QQZM010115.1"
117;117;6500;18500;"list_cnv_important";"QQZM010117.1"
117;117;10000;10500;"list_cnv_geoc_other";"QQZM010117.1"
117;117;14000;17500;"list_cnv_geoc_other";"QQZM010117.1"
117;117;6500;8000;"list_cnv_geob_cheese";"QQZM010117.1"
117;117;17500;18500;"list_cnv_geob_cheese";"QQZM010117.1"
117;117;6500;10500;"list_cnv_cheese_diff";"QQZM010117.1"
117;117;17500;18500;"list_cnv_cheese_diff";"QQZM010117.1"
119;119;9500;10000;"list_cnv_important";"QQZM010119.1"
119;119;9500;10000;"list_cnv_geoc_other";"QQZM010119.1"
119;119;9500;10000;"list_cnv_geob_cheese";"QQZM010119.1"
121;121;10000;10500;"list_cnv_important";"QQZM010121.1"
121;121;10000;10500;"list_cnv_geoc_other";"QQZM010121.1"
121;121;10000;10500;"list_cnv_geob_cheese";"QQZM010121.1"
122;122;2000;3000;"list_cnv_important";"QQZM010122.1"
122;122;11500;12500;"list_cnv_important";"QQZM010122.1"
122;122;14000;16000;"list_cnv_important";"QQZM010122.1"
122;122;16500;19500;"list_cnv_important";"QQZM010122.1"
122;122;14500;15000;"list_cnv_geoc_other";"QQZM010122.1"
122;122;16500;19500;"list_cnv_geoc_other";"QQZM010122.1"
122;122;2000;2500;"list_cnv_geob_cheese";"QQZM010122.1"
122;122;14000;15500;"list_cnv_geob_cheese";"QQZM010122.1"
122;122;16500;19500;"list_cnv_geob_cheese";"QQZM010122.1"
122;122;2000;3000;"list_cnv_cheese_diff";"QQZM010122.1"
122;122;15500;16000;"list_cnv_cheese_diff";"QQZM010122.1"
123;123;9000;11000;"list_cnv_important";"QQZM010123.1"
123;123;9000;11000;"list_cnv_geoc_other";"QQZM010123.1"
123;123;9000;11000;"list_cnv_geob_cheese";"QQZM010123.1"
123;123;9000;9500;"list_cnv_cheese_diff";"QQZM010123.1"
127;127;3000;13000;"list_cnv_important";"QQZM010127.1"
127;127;3000;13000;"list_cnv_cheese_diff";"QQZM010127.1"
